date,0915_open,0915_high,0915_low,0915_close,0915_volume,1518_open,1518_high,1518_low,1518_close,1518_volume,1528_open,1528_high,1528_low,1528_close,1528_volume,session_high,session_low,day_high,day_low
2025-01-01,115.74,117.05,115.74,117.05,142151,117.82,117.93,117.75,117.9,35423,117.76,117.85,117.71,117.82,24206,120.63,115.74,120.63,115.74
2025-01-02,117.74,118.28,117.74,118.12,88802,118.59,118.62,118.54,118.6,18151,118.59,118.59,118.52,118.55,39701,119.91,117.74,119.91,117.74
2025-01-03,118.62,120.01,118.62,120.01,231827,119.94,119.97,119.76,119.82,133697,119.87,120.02,119.82,119.9,74211,127.03,118.62,127.03,118.62
2025-01-06,120.06,120.63,119.43,119.65,249005,117.15,117.15,116.7,116.92,171515,117.06,117.18,116.99,117.08,32796,120.82,116.7,120.82,116.57
2025-01-07,117.19,117.99,117.19,117.91,131327,124.84,124.94,124.48,124.48,253864,124.84,124.86,124.37,124.37,208326,125.11,117.19,125.11,117.19
2025-01-08,125.32,125.79,124.79,125.12,660628,128.07,128.47,128.07,128.31,181808,127.88,127.9,127.62,127.81,165392,130.55,123.71,130.55,123.71
2025-01-09,127.26,127.26,126.45,126.64,160478,127.15,127.42,127.13,127.13,129017,126.23,126.27,126.08,126.27,89433,130.38,126.32,130.38,126.08
2025-01-10,126.27,126.27,125.06,125.38,159022,119.77,119.88,119.71,119.78,58249,119.57,119.58,119.48,119.56,44440,126.27,119.43,126.27,119.29
2025-01-13,118.43,119.48,118.05,119.03,202152,113.87,113.99,113.6,113.75,56289,114.3,114.67,114.24,114.65,42094,121.11,113.35,121.11,113.35
2025-01-14,114.98,117.38,114.98,117.28,149504,119.08,119.19,119.05,119.19,13623,118.59,118.79,118.58,118.73,34807,119.91,114.8,119.91,114.8
2025-01-15,118.71,119.5,118.71,119.49,46765,116.92,117.08,116.92,117.03,31357,117.23,117.4,117.23,117.33,51648,120.0,115.6,120.0,115.6
2025-01-16,118.57,119.52,118.33,119.01,86911,117.18,117.42,117.1,117.38,42266,117.6,117.6,117.48,117.56,17930,119.86,116.91,119.86,116.91
2025-01-17,117.42,117.66,116.8,116.99,79059,116.03,116.09,116.03,116.05,17353,116.32,116.33,116.23,116.31,33412,118.52,115.88,118.52,115.88
2025-01-20,116.6,117.42,116.6,117.24,109567,115.72,115.74,115.65,115.73,37339,115.7,115.71,115.62,115.7,37429,118.19,115.53,118.19,115.53
2025-01-21,116.02,117.46,116.02,117.11,236669,115.32,115.35,115.22,115.31,46963,115.3,115.35,115.3,115.33,19117,118.71,114.9,118.71,114.9
2025-01-22,115.74,116.13,115.18,115.4,287874,112.86,112.87,112.84,112.86,29699,112.86,112.87,112.85,112.87,58737,116.13,111.22,116.13,111.22
2025-01-23,112.84,113.78,112.83,113.47,69516,116.3,116.37,115.08,115.44,591322,114.59,114.64,114.41,114.57,138883,118.04,112.83,118.04,112.83
2025-01-24,116.7,116.99,114.89,115.56,533816,111.28,111.51,111.2,111.51,108567,111.24,111.29,111.15,111.28,44420,116.99,110.1,116.99,110.1
2025-01-27,111.19,111.68,110.49,111.47,243504,103.94,104.32,103.59,103.64,408703,103.59,103.59,102.94,103.41,94632,111.68,103.59,111.68,102.94
2025-01-28,104.27,105.18,104.27,104.51,122915,99.1,99.18,98.96,99.15,57354,99.22,99.22,99.15,99.2,57112,105.18,98.89,105.18,98.89
2025-01-29,100.39,100.82,100.06,100.44,231742,101.82,101.82,101.57,101.71,55135,101.51,101.54,101.5,101.53,87346,102.34,99.31,102.34,99.31
2025-01-30,102.35,103.11,101.7,102.82,273665,100,100.07,99.87,99.96,25638,100.21,100.25,100.18,100.2,36913,103.94,99.35,103.94,99.35
2025-01-31,100.44,101.21,100.25,100.39,136862,101.2,101.2,101.05,101.17,80248,101.06,101.07,100.92,101,27391,101.83,100.06,101.83,100.06
2025-02-01,101.4,102.59,101.4,102.35,182958,104.17,104.48,104.09,104.37,60826,104.26,104.26,104.07,104.13,34110,106.75,99.9,106.75,99.9
2025-02-03,103.08,103.08,101.92,102.28,100812,102.22,102.32,102.19,102.24,46258,101.6,101.85,101.6,101.72,51021,103.54,101.21,103.54,101.21
2025-02-04,102.34,102.93,102.16,102.73,191859,103.17,103.17,103.08,103.08,19354,102.93,103.02,102.83,102.91,74755,104.17,102.16,104.17,102.16
2025-02-05,103.31,104.47,103.13,104.08,187572,105.18,105.18,105.09,105.12,68157,105.07,105.18,105,105.13,26250,106.52,103.13,106.52,103.13
2025-02-06,105.23,105.36,104.79,105.02,54273,103.55,103.99,103.55,103.92,144314,104.01,104.3,104.01,104.27,41578,105.88,103.33,105.88,103.33
2025-02-07,103.84,104.76,103.84,104.34,88407,104.75,104.75,104.47,104.47,14590,104.46,104.46,104.29,104.43,24314,106.13,102.64,106.13,102.64
2025-02-10,104.17,104.71,104.08,104.35,54253,100.46,100.54,100.45,100.5,79008,100.31,100.36,100.23,100.29,50405,104.71,100.11,104.71,100.11
2025-02-11,100.36,100.73,99.64,99.82,118416,95.77,95.77,95.65,95.72,30967,96.14,96.28,95.85,96.13,18268,100.73,95.48,100.73,95.48
2025-02-12,96.16,97.31,96.11,97.09,227292,95.43,95.57,95.31,95.56,25294,95.29,95.37,95.1,95.27,61295,97.35,92.12,97.35,92.12
2025-02-13,95.75,97.09,95.53,97.09,172679,95.61,95.61,95.55,95.59,11592,95.56,95.56,95.47,95.52,24912,97.8,95.37,97.8,95.37
2025-02-14,95.88,96.48,95.62,95.89,235891,92.51,92.75,92.49,92.75,95521,92.04,92.04,91.92,92.03,48395,96.48,91.52,96.48,91.52
2025-02-17,92.5,92.7,91.26,91.41,189022,92.51,92.53,92.43,92.48,30070,92.61,92.88,92.61,92.88,53981,94.64,90.25,94.64,90.25
2025-02-18,92.78,93.7,92.78,93.7,106086,93.82,94.05,93.8,93.99,73861,93.83,93.98,93.77,93.83,24008,95.33,92.05,95.33,92.05
2025-02-19,93.36,94.07,93.27,93.88,303180,95.04,95.08,94.92,95.01,35228,94.63,94.67,94.51,94.58,94989,96.59,93.27,96.59,93.27
2025-02-20,94.38,95.26,94.06,95.26,131486,96.21,96.24,96.18,96.2,13572,96.33,96.37,96.15,96.17,84982,96.33,94.06,96.58,94.06
2025-02-21,96.19,97.03,95.96,97.03,188975,93.49,93.6,93.41,93.54,35772,93.47,93.55,93.36,93.41,70692,97.48,93.2,97.48,93.2
2025-02-24,92.66,93.09,92.28,92.56,153454,92.03,92.08,91.99,92.06,26334,91.86,91.88,91.79,91.84,32959,93.09,91.45,93.09,91.45
2025-02-25,92.29,94.54,92.28,94.36,518098,95.37,95.47,95.37,95.44,32063,95.64,95.65,95.58,95.62,69881,95.62,92.28,95.7,92.28
2025-02-27,95.91,96.44,95.08,95.36,150430,93.08,93.13,93.01,93.07,98062,92.78,92.79,92.78,92.79,39860,96.44,92.29,96.44,92.29
2025-02-28,91.84,92.5,91.62,91.73,180191,89.11,89.11,88.96,89.01,128046,88.8,88.95,88.8,88.91,34488,92.5,88.96,92.5,88.11
2025-03-03,89.44,90.29,89.38,90.29,226977,85.98,86.09,85.95,86.09,103726,86.17,86.32,86.17,86.29,74954,90.62,85.68,90.62,85.68
2025-03-04,85.61,86.83,85.57,86.51,168931,88.53,88.58,88.5,88.5,19053,88.52,88.58,88.49,88.5,47564,88.87,85.44,88.87,85.44
2025-03-05,88.49,89.86,88.48,89.06,151244,94.37,94.37,94.27,94.29,91352,93.97,93.98,93.81,93.97,126086,94.61,88.48,94.61,88.48
2025-03-06,94.7,95.47,94.7,95.46,191920,93.89,93.99,93.89,93.91,57563,93.61,93.66,93.51,93.62,48297,96.59,93.75,96.59,93.26
2025-03-07,94.02,95.08,94.02,94.73,306199,99.52,99.6,99.39,99.39,86214,99.27,99.44,99.27,99.43,87925,100.21,94.02,100.21,94.02
2025-03-10,100.16,101.97,99.96,101.39,471328,102.83,102.85,102.7,102.85,146203,102.95,103.03,102.74,102.74,86283,103.65,99.96,103.65,99.96
2025-03-11,101.57,101.98,100.97,101.34,391517,101.87,101.97,101.29,101.51,367187,100.92,101.02,100.87,101.02,108006,102.26,100.01,102.26,100.01
2025-03-12,101.59,102.56,101.59,102.35,206452,100.11,100.25,100.11,100.24,106938,100.3,100.3,99.8,99.8,44204,103.38,98.77,103.38,98.77
2025-03-13,100.25,100.92,100.12,100.34,223560,95.84,96.06,95.84,95.93,162351,96.19,96.48,96.19,96.39,79540,100.92,95.3,100.92,95.3
2025-03-17,96.12,96.77,96.11,96.77,32243,94.93,94.99,94.84,94.99,45453,94.56,94.56,94.23,94.54,101009,97.36,94.81,97.36,94.23
2025-03-18,95.42,95.92,95.42,95.65,240402,98.33,98.36,98.15,98.15,27840,98.23,98.24,98,98.06,59926,99.68,95.42,99.68,95.42
2025-03-19,98.53,99.68,98.53,99.52,261406,95.63,95.65,95.59,95.65,45806,95.76,95.84,95.75,95.76,78544,99.88,95.47,99.88,95.47
2025-03-20,98.53,100.72,98.15,100.35,1270750,98.72,98.77,98.72,98.77,89833,98.72,98.77,98.65,98.71,69427,102.2,97.96,102.2,97.96
2025-03-21,99,99.38,98.77,98.91,300068,101.96,101.96,101.73,101.73,208167,101.41,101.47,101.4,101.47,93673,103.3,98.74,103.3,98.74
2025-03-24,102.55,103.28,102.35,103.17,532451,100.77,100.82,100.71,100.79,54229,100.82,100.82,100.77,100.82,63138,103.61,100.49,103.61,100.49
2025-03-25,101.4,101.86,101.27,101.46,209959,98.31,98.34,98.23,98.23,42349,98.34,98.35,98.05,98.24,162300,102.0,98.15,102.0,98.05
2025-03-26,98.48,98.92,97.5,98.92,374952,95.99,96.34,95.95,96.27,99216,95.81,95.85,95.75,95.84,84816,99.4,95.8,99.4,95.75
2025-03-27,95.89,97.06,95.82,96.89,339466,97.04,97.17,96.99,97.12,178948,97.29,97.29,97.2,97.24,87246,98.49,95.82,98.49,95.82
2025-03-28,97.55,98.23,97.48,98.23,197364,94.1,94.1,93.98,94.05,68524,93.65,93.77,93.65,93.71,119859,98.64,93.94,98.64,93.6
2025-04-01,93.99,94.99,93.89,94.99,211297,97.24,97.25,97.14,97.19,77909,97.27,97.33,97.24,97.24,44863,97.37,93.89,97.56,93.89
2025-04-02,97.19,97.22,95.68,95.8,108488,97.81,97.81,97.67,97.72,88165,97.65,97.71,97.57,97.61,19925,97.95,95.32,97.95,95.32
2025-04-03,96.33,96.85,95.37,96.8,136565,100.8,100.85,100.8,100.82,87856,102.83,103.02,102.83,102.85,269708,101.16,95.37,103.02,95.37
2025-04-04,103.31,104.49,103.21,103.85,751454,100.52,100.52,100.41,100.43,67765,100.09,100.25,100.09,100.24,75375,105.6,97.76,105.6,97.76
2025-04-07,91.11,93.73,91.11,93.22,510970,92.61,92.69,92.55,92.64,37347,93.17,93.27,93.08,93.26,132456,94.11,91.02,94.11,91.02
2025-04-08,95.64,96.52,95.32,96.4,205593,103.9,104.22,103.55,103.55,561091,104.03,104.17,103.7,103.7,240759,104.5,94.01,105.13,94.01
2025-04-09,101.96,102.82,101.5,102.38,638047,99.3,99.47,99.3,99.4,193167,99.41,99.42,99.06,99.38,75950,102.82,98.57,102.82,98.57
2025-04-11,101.4,101.4,100.39,100.39,253990,99.4,99.4,99.25,99.33,69375,99.1,99.38,99.1,99.23,69917,101.4,98.97,101.4,98.97
2025-04-15,100.44,100.73,99.95,100.59,236300,103.51,103.54,103.21,103.28,69615,102.78,102.83,102.75,102.81,33163,104.01,99.95,104.01,99.95
2025-04-16,103.45,103.59,102.72,102.9,115339,107.3,107.3,107.09,107.22,132655,107.13,107.13,106.94,107.11,182334,109.43,102.72,109.43,102.72
2025-04-17,107.76,108.42,107.28,108.42,502737,109.49,109.53,109.32,109.32,93748,108.91,108.95,108.76,108.76,102074,109.87,107.14,109.87,107.14
2025-04-21,109.96,110.09,108.92,109.53,443803,113.69,113.73,113.61,113.65,60686,113.55,113.9,113.49,113.88,297686,114.6,108.42,114.6,108.42
2025-04-22,114.07,114.65,113.69,113.76,252432,110.54,110.58,110.45,110.45,53017,110.25,110.26,110.15,110.25,110979,114.65,110.37,114.65,110.15
2025-04-23,111.15,111.7,111.06,111.34,442949,109.48,109.48,109.34,109.41,34880,109.64,109.68,109.55,109.62,56393,111.7,106.96,111.7,106.96
2025-04-24,109.05,109.35,108.63,108.79,126392,108.8,108.8,108.73,108.74,22673,108.89,109.02,108.8,108.9,40418,111.14,108.58,111.14,108.58
2025-04-25,109.05,109.24,108.77,109.23,71345,103.72,103.72,103.59,103.69,41204,103.1,103.31,103.1,103.28,36242,109.34,101.94,109.34,101.94
2025-04-28,102.93,104.15,102.93,104.01,182550,104.96,105.01,104.94,104.99,30969,104.92,104.95,104.86,104.93,31784,105.97,102.73,105.97,102.73
2025-04-29,105.08,105.89,105.08,105.74,101685,101.37,101.52,101.31,101.39,145588,101.54,101.61,101.54,101.61,46021,106.32,101.31,106.32,101.31
2025-04-30,102.07,102.25,101.02,101.26,98444,101.62,101.73,101.61,101.62,77036,101.22,101.36,101.13,101.21,52697,104.55,100.31,104.55,100.31
2025-05-02,102.35,103.03,102.2,102.28,224076,101.61,101.78,101.61,101.78,59421,101.21,101.29,101.21,101.27,34233,103.03,100.87,103.03,100.87
2025-05-05,102.26,102.84,102.08,102.84,77514,104.11,104.13,104.03,104.1,22100,103.77,103.79,103.59,103.79,48789,104.85,101.54,104.85,101.54
2025-05-06,103.98,103.98,103.43,103.53,106239,101.6,101.76,101.57,101.59,120145,101.68,101.74,101.52,101.74,38392,104.21,100.74,104.21,100.74
2025-05-07,99.96,101.4,99.96,101.4,114176,104.84,104.84,104.73,104.73,17160,104.75,104.8,104.66,104.72,29914,105.03,99.96,105.13,99.96
2025-05-08,104.84,105.94,104.61,105.7,176865,106.34,106.47,106.27,106.47,53581,106.13,106.13,105.85,105.97,65206,110.87,104.07,110.87,104.07
2025-05-09,104.98,107.2,104.27,107.2,796620,111.29,111.34,111.15,111.15,167159,110.08,110.19,110.02,110.16,123743,111.35,104.27,111.35,104.27
2025-05-12,113.12,113.35,112.27,112.65,682788,112.11,112.2,112.11,112.15,52007,112.02,112.06,112.02,112.05,104642,114.79,111.54,114.79,111.54
2025-05-13,112.48,112.48,110.89,112.44,271157,118.06,118.07,117.9,117.9,137217,117.85,117.95,117.71,117.71,186770,118.24,110.89,118.24,110.89
2025-05-14,120.05,120.24,118.95,119.38,1002509,118.81,118.84,118.73,118.79,128511,117.85,117.97,117.85,117.9,77906,120.24,118.2,120.24,117.85
2025-05-15,118.81,119.05,118.47,118.81,268004,121.29,121.31,121.22,121.28,119065,121.39,121.44,121.37,121.37,51474,122.83,118.47,122.83,118.47
2025-05-16,121.92,121.96,121.21,121.21,183943,124.16,124.16,124.07,124.08,32814,123.78,123.8,123.74,123.74,54253,124.35,120.41,124.35,120.41
2025-05-19,124.36,124.7,123.73,124.59,234286,123.07,123.14,123.07,123.11,78163,123.02,123.03,123.02,123.02,180566,125.98,121.69,125.98,121.69
2025-05-20,123.39,123.39,121.87,122.24,110324,117.51,117.56,117.4,117.4,74427,117.62,117.72,117.56,117.72,63970,124.07,117.11,124.07,117.11
2025-05-21,118.48,119.91,117.82,119.91,327387,118.96,118.99,118.86,118.86,69622,118.88,118.9,118.67,118.9,65205,119.91,117.21,119.91,117.21
2025-05-22,118.66,120.65,118.66,120.38,169887,121.64,121.69,121.52,121.66,72852,121.53,121.74,121.52,121.63,22810,121.97,118.66,122.11,118.66
2025-05-23,121.76,121.76,120.55,120.69,149402,122.55,122.6,122.5,122.52,39063,122.01,122.18,121.89,121.9,39315,123.68,120.53,123.68,120.53
2025-05-26,122.54,123.02,121.8,122.25,133995,122.07,122.26,122.06,122.11,59295,122.15,122.43,122.15,122.25,44369,123.1,120.93,123.1,120.93
2025-05-27,122.02,122.33,121.59,122.33,40802,121,121.14,120.95,121.01,150347,121.01,121.01,121.01,121.01,99579,123.88,120.91,123.88,120.81
2025-05-28,121.71,122.44,121.25,122.44,110092,122.96,123.04,122.96,123.03,21894,122.58,122.58,122.28,122.29,48076,123.11,120.77,123.15,120.77
2025-05-29,122.79,123.52,122.63,123.25,84019,122.62,122.7,122.59,122.64,24584,122.43,122.54,122.35,122.43,30948,123.64,121.39,123.64,121.39
2025-05-30,122.44,123.01,122.06,123.01,62359,125.25,125.35,125.22,125.3,104269,124.74,124.9,124.46,124.65,40947,125.7,120.67,125.7,120.67
2025-06-02,125.11,125.11,123.45,124.17,145698,122.62,122.73,122.6,122.65,29834,121.98,122.06,121.97,121.99,29206,125.58,122.23,125.58,121.97
2025-06-03,123.16,123.52,122.78,123.52,139405,124.71,124.84,124.71,124.74,39184,125.12,125.12,124.85,124.94,46104,125.98,122.54,125.98,122.54
2025-06-04,125.79,125.79,125.32,125.42,174436,122.4,122.52,122.4,122.5,94576,122.08,122.23,122.08,122.2,38794,125.79,122.35,125.79,121.92
2025-06-05,122.8,123.58,122.8,123.15,68543,122.23,122.23,122.13,122.13,13312,122.01,122.03,121.97,122.01,44636,124.45,121.65,124.45,121.65
2025-06-06,122.44,122.81,121.87,122.34,105106,121.27,121.27,121.12,121.2,20606,120.98,120.98,120.86,120.9,98990,123.17,120.62,123.17,120.62
2025-06-09,121.78,122.35,121.78,122.35,85530,121.92,121.95,121.87,121.9,30648,121.92,121.92,121.77,121.77,53597,123.34,121.06,123.34,121.06
2025-06-10,123.5,124.88,123.5,124.5,487840,125.28,125.43,125.16,125.32,105699,125.22,125.25,125.12,125.22,54943,129.67,123.5,129.67,123.5
2025-06-11,125.84,126.11,125.36,125.36,351649,126.69,126.78,126.69,126.7,41462,126.78,126.84,126.58,126.65,53184,128.46,125.15,128.46,125.15
2025-06-12,128.32,128.62,127.75,128.56,465719,128.37,128.45,128.29,128.42,82324,128.28,128.43,128.28,128.42,108242,132.39,127.51,132.39,127.51
2025-06-13,126.56,127.27,125.56,126.47,728979,132.06,132.2,131.65,131.65,198702,131.09,131.09,130.96,130.96,96393,132.2,125.56,132.2,125.56
2025-06-16,132.48,133.43,132.02,132.16,955683,131.91,132.1,131.83,132.1,123572,131.66,132.18,131.65,132.18,320365,134.83,130.1,134.83,130.1
2025-06-17,134.78,136.56,134.56,135.83,3321569,131.62,131.88,131.29,131.35,255737,130.49,130.55,130.38,130.48,107322,137.08,131.05,137.08,130.35
2025-06-18,131.91,132,130.94,131.49,405036,128.03,128.08,127.94,128.07,91471,127.4,127.46,127.37,127.42,105298,132.31,127.89,132.31,127.2
2025-06-19,127.32,127.65,126.84,126.84,284380,122.25,122.3,122.2,122.2,74816,121.99,122,121.52,121.63,163047,128.99,121.1,128.99,121.1
2025-06-20,121.82,123.12,121.77,122.71,214752,128.33,128.46,128.04,128.09,181376,128.04,128.19,128.04,128.05,140785,129.03,121.77,129.03,121.77
2025-06-23,126.75,127.78,126.57,127.34,249156,144.25,144.68,144.15,144.26,2151340,142.13,142.21,141.83,141.96,448001,144.87,126.28,144.87,126.28
2025-06-24,143.3,144.11,141.39,141.39,2271610,137.08,137.37,137.01,137.23,303353,137.49,137.54,137.47,137.5,144680,144.11,136.86,144.11,136.86
2025-06-25,138.22,138.32,137.06,137.8,411495,140.12,140.13,139.93,140.13,118019,139.95,139.95,139.76,139.84,89979,140.89,136.92,140.89,136.92
2025-06-26,140.62,140.76,139.83,140.01,231006,137.6,137.69,137.28,137.32,153852,137.65,137.7,137.61,137.67,31505,140.95,136.78,140.95,136.78
2025-06-27,137.75,138.46,137.32,137.78,255265,137.57,137.63,137.39,137.54,54288,137.73,137.74,137.32,137.64,93213,139.93,136.95,139.93,136.95
2025-06-30,138.41,138.94,138.23,138.91,149554,139.88,140.02,139.88,139.88,53112,139.61,139.66,139.51,139.6,63940,141.46,137.75,141.46,137.75
2025-07-01,140.14,140.42,139.67,139.78,190226,135.54,135.55,135.41,135.44,119907,135.65,135.68,135.17,135.44,318450,140.42,135.4,140.42,135.17
2025-07-02,136.79,137.07,136.37,136.74,151885,134.88,135.04,134.64,134.93,484263,134.88,134.98,134.88,134.98,30213,137.24,133.73,137.24,133.73
2025-07-03,135.54,135.75,135.38,135.53,174009,138.05,138.09,137.55,137.62,181390,137.76,138.33,137.75,138.23,341182,138.55,133.98,138.55,133.98
2025-07-04,138.61,139.28,138.07,138.2,513804,140.72,140.81,140.34,140.46,196660,140.62,140.76,140.53,140.72,168155,145.11,137.76,145.11,137.76
2025-07-07,140.72,141.03,139.76,140.02,260369,138.52,138.56,138.35,138.54,71856,138.51,138.51,138.33,138.35,54321,141.03,137.56,141.03,137.56
2025-07-08,138.66,138.71,137.85,137.95,177530,139.03,139.09,138.8,138.84,107893,138.59,138.71,138.51,138.51,75183,140.84,135.07,140.84,135.07
2025-07-09,139.37,139.37,138.08,138.27,243948,135.53,135.59,135.29,135.36,231677,135.23,135.26,135.21,135.25,70240,140.07,135.29,140.07,135.17
2025-07-10,135.93,136.21,134.88,135.25,403572,135.35,135.72,135.35,135.65,212977,135.51,135.51,135.36,135.41,41159,136.99,132.68,136.99,132.68
2025-07-11,128.96,130.81,127.32,130.56,3412798,131.26,131.26,131.12,131.23,108549,130.79,130.8,130.66,130.77,123530,133.06,127.32,133.06,127.32
2025-07-14,130.97,131.2,130.29,130.5,307073,136.76,136.88,136.53,136.58,247228,136.5,136.5,136.13,136.13,98395,138.71,130.29,138.71,130.29
2025-07-15,137.87,138.02,137.19,137.27,320694,136.93,136.94,136.79,136.84,76402,137,137,136.96,136.99,57212,140.61,136.79,140.61,136.79
2025-07-16,137.04,138.71,136.49,137.55,496504,137.93,137.94,137.88,137.91,73065,137.74,137.75,137.57,137.74,134664,139.2,136.49,139.2,136.49
2025-07-17,137.9,139.31,137.9,139.18,187825,136.07,136.13,135.98,136.07,55472,136.26,136.29,136.25,136.29,22889,139.42,135.74,139.42,135.74
2025-07-18,136.6,137.35,136.52,137.17,214987,135.32,135.36,135.24,135.25,36324,135.69,135.79,135.68,135.79,21851,137.8,134.98,137.8,134.98
2025-07-21,135.84,136.26,135.51,135.51,212291,135.88,135.92,135.65,135.83,55573,135.35,135.45,135.19,135.26,59131,137.47,134.69,137.47,134.69
2025-07-22,136.03,136.6,136.03,136.53,117883,128.04,128.06,127.72,127.89,202874,127.54,127.71,127.54,127.71,115972,137.65,127.37,137.65,127.37
2025-07-23,127.8,129.64,127.8,129.13,740080,123.16,123.16,122.96,123.02,85181,122.84,123.02,122.79,122.92,67229,129.64,122.37,129.64,122.37
2025-07-24,123.88,124.15,123.05,123.15,374258,123.74,123.74,123.56,123.68,147939,123.81,124.35,123.81,124.31,66336,125.5,121.7,125.5,121.7
2025-07-25,124.21,124.24,123.16,123.16,178138,118.27,118.27,118.14,118.18,112318,117.99,118.04,117.99,118.03,59070,124.24,118.14,124.24,117.86
2025-07-28,118.14,118.14,117.48,117.78,177201,113.28,113.28,113.13,113.18,91549,113.31,113.35,113.31,113.35,45549,118.14,113.13,118.14,113.13
2025-07-29,113.82,114.99,113.8,114.05,153750,113.55,113.55,113.45,113.48,43556,113.5,113.64,113.46,113.6,82014,115.0,111.63,115.0,111.63
2025-07-30,113.83,114.07,113.36,113.36,274531,111.77,111.85,111.31,111.4,217101,111.33,111.35,111.31,111.31,35283,114.18,111.31,114.18,111.06
2025-07-31,110.97,111.71,110.49,110.77,246261,112.97,113.02,112.83,113.02,80839,113.23,113.35,113.23,113.32,29049,114.54,110.12,114.54,110.12
2025-08-01,113.25,113.6,112.82,113.12,145355,111.23,111.32,111.22,111.25,21974,111.31,111.32,111.31,111.32,34799,113.79,110.97,113.79,110.97
2025-08-04,111.82,112.36,111.54,111.54,150999,113.98,113.98,113.93,113.97,31897,114.3,114.36,114.22,114.36,53214,116.4,110.82,116.4,110.82
2025-08-05,114.03,114.3,113.64,113.99,79448,111.51,111.7,111.45,111.59,100298,111.66,111.66,111.62,111.62,35620,114.44,111.45,114.44,111.45
2025-08-06,112.06,112.4,111.92,112.27,110549,107.62,107.62,107.37,107.49,546080,107.33,107.33,107.26,107.26,64654,113.07,107.14,113.07,107.14
2025-08-07,107.52,108.75,107.52,108.21,258994,109.69,109.72,109.56,109.69,39376,109.79,109.87,109.77,109.84,67483,109.96,107.24,109.96,107.24
2025-08-08,110.01,110.09,108.64,108.99,180395,107.95,108.2,107.8,108.08,155746,108.49,108.56,108.29,108.29,53311,110.09,107.14,110.09,107.14
2025-08-11,108.52,108.58,107.52,107.61,239009,107.94,108.09,107.94,108,19939,107.78,107.81,107.61,107.61,66216,109.03,106.76,109.03,106.76
2025-08-12,108.1,108.42,107.9,107.94,84875,108.46,108.46,108.39,108.42,31526,108.43,108.48,108.43,108.44,20439,110.76,107.9,110.76,107.9
2025-08-13,108.91,109.43,108.76,108.76,79910,111.82,111.89,111.54,111.59,77731,111.45,111.46,111.35,111.39,55213,113.22,108.28,113.22,108.28
2025-08-14,111.97,111.97,111.02,111.02,98386,111.29,111.43,111.21,111.43,85115,111.27,111.28,111.26,111.26,17065,112.13,110.51,112.13,110.51
2025-08-18,112.31,112.74,112.06,112.68,142403,111.19,111.2,111.13,111.16,75149,111.2,111.2,110.97,111.17,92629,113.6,110.86,113.6,110.82
2025-08-19,111.51,111.73,111.15,111.64,313409,112.95,112.95,112.78,112.86,21873,112.8,112.87,112.8,112.84,22522,113.32,111.15,113.32,111.15
2025-08-20,112.87,113.02,112.44,113.02,44584,112.39,112.47,112.32,112.43,49994,112.62,112.69,112.62,112.66,44404,114.02,112.17,114.02,112.17
2025-08-21,112.5,113.12,112.5,112.8,52019,112.01,112.01,111.86,111.92,35237,112.11,112.14,112.11,112.13,30867,113.74,111.84,113.74,111.84
2025-08-22,112.01,113.07,111.96,112.98,163330,118.58,118.62,118.49,118.61,206625,118.14,118.14,117.47,117.59,147329,118.71,111.96,118.75,111.96
2025-08-25,118.22,118.23,116.98,117.42,192728,115.16,115.16,114.88,114.98,150042,115.1,115.11,115.08,115.09,32800,118.23,114.84,118.23,114.84
2025-08-26,114.89,115.46,114.56,115.46,103651,113.15,113.24,113.07,113.22,162037,113.26,113.32,112.87,112.87,74366,115.55,112.31,115.55,112.31
2025-08-28,113.11,113.46,112.79,113.32,136130,113.01,113.01,112.87,112.87,54175,113.29,113.45,113.29,113.45,37539,114.74,112.14,114.74,112.14
2025-08-29,114.27,114.65,113.6,114.51,289337,113.24,113.35,113.17,113.29,41093,113.09,113.32,113.09,113.29,112556,116.98,113.01,116.98,113.01
2025-09-01,113.9,114.64,113.88,114.39,134996,111.3,111.32,111.19,111.27,262654,111.31,111.33,111.29,111.31,48912,114.64,111.19,114.64,111.15
2025-09-02,111.63,112.85,111.5,112.66,263947,112.64,112.66,112.57,112.66,28552,112.6,112.61,112.54,112.59,31009,114.02,111.5,114.02,111.5
2025-09-03,113.05,113.48,112.96,113.48,84153,113.67,113.67,113.53,113.64,24086,113.64,113.68,113.64,113.68,23367,114.57,112.69,114.57,112.69
2025-09-04,114.66,115.15,114.45,115.1,127650,111.8,111.91,111.73,111.86,45752,112.12,112.15,112.11,112.11,22386,115.15,111.73,115.15,111.66
2025-09-05,112.7,113.19,112.37,113.18,92805,113.15,113.2,113.1,113.1,28624,113.36,113.39,113.35,113.39,33876,113.98,111.89,113.98,111.89
2025-09-08,113.86,114.15,113.49,114.11,78513,113.5,113.5,113.33,113.43,19980,113.39,113.39,113.34,113.36,14112,114.17,112.93,114.17,112.93
2025-09-09,113.53,113.97,113.5,113.97,100680,112.41,112.41,112.32,112.35,42024,112.5,112.5,112.32,112.45,35426,113.97,112.32,113.97,112.07
2025-09-10,112.99,114.15,112.99,114.15,137390,111.73,111.78,111.66,111.7,101242,111.93,112.12,111.93,112.12,74317,114.45,110.46,114.45,110.46
2025-09-11,111.91,112.9,111.83,112.81,201963,114.16,114.16,114.07,114.13,92652,113.88,113.98,113.85,113.95,29473,116.42,111.83,116.42,111.83
2025-09-12,114.26,114.44,113.99,114.18,163863,113.64,113.64,113.51,113.54,23900,113.62,113.68,113.6,113.68,73979,114.66,112.8,114.66,112.8
2025-09-15,113.78,114.16,113.59,113.95,72407,112.5,112.5,112.37,112.44,41456,112.61,112.63,112.56,112.63,58804,114.55,112.27,114.55,112.27
2025-09-16,112.95,113.66,112.9,113.29,142998,112.83,112.85,112.76,112.8,34442,112.82,112.84,112.8,112.83,32011,114.24,112.41,114.24,112.41
2025-09-17,113.33,113.68,113.33,113.57,46012,113.44,113.44,113.31,113.35,40260,113.47,113.53,113.44,113.53,27076,113.96,112.91,113.96,112.91
2025-09-18,113.85,114.23,113.85,113.88,62134,112.78,112.85,112.71,112.81,80699,112.89,113.29,112.89,113.29,134415,114.23,112.51,114.23,112.51
2025-09-19,113.38,113.48,113.1,113.1,40729,113.66,113.77,113.66,113.75,339762,113.83,113.84,113.78,113.78,58073,116.17,112.83,116.17,112.83
2025-09-22,113.73,114.21,113.73,114.04,62750,117.14,117.15,117.09,117.15,70522,116.96,116.99,116.96,116.99,51671,118.96,113.73,118.96,113.73
2025-09-23,117.2,117.57,116.91,117.24,146004,115.49,115.52,115.39,115.43,47539,115.24,115.25,115.17,115.23,38022,117.57,114.86,117.57,114.86
2025-09-24,115.18,115.62,115.09,115.24,71144,113.48,113.56,113.47,113.48,20589,113.33,113.33,113.2,113.2,50237,115.62,113.2,115.62,113.2
2025-09-25,113.39,113.77,113.17,113.17,119036,112.22,112.25,112.06,112.23,41915,112.21,112.22,112.18,112.21,76766,113.97,111.85,113.97,111.84
2025-09-26,112.12,112.53,112.12,112.53,75040,109.87,109.96,109.87,109.87,54273,110.16,110.22,110.16,110.17,44700,112.68,109.6,112.68,109.6
2025-09-29,110.35,111.15,110.35,110.7,133005,109.79,109.83,109.67,109.68,55836,110.11,110.3,110.04,110.04,47733,111.92,109.19,111.92,109.19
2025-09-30,110.13,110.55,110.04,110.14,127834,109.54,109.67,109.48,109.66,65093,109.89,109.96,109.85,109.96,52258,110.71,109.32,110.71,109.32
2025-10-01,109.94,111.2,109.94,110.29,76517,111.4,111.46,111.37,111.43,41681,111.51,111.57,111.51,111.57,20310,112.3,109.94,112.3,109.94
2025-10-03,111.82,112.26,111.82,112,76795,111.24,111.32,111.16,111.28,81201,111.45,111.55,111.36,111.54,77865,112.38,110.0,112.38,110.0
2025-10-06,111.43,111.82,111.36,111.53,47625,110.25,110.32,110.17,110.28,29675,110.21,110.36,110.2,110.34,92146,111.99,109.88,111.99,109.88
2025-10-07,110.45,110.65,110.29,110.43,67924,109.87,109.87,109.75,109.82,21407,109.75,109.83,109.75,109.79,32138,110.94,109.22,110.94,109.22
2025-10-08,109.98,110.53,109.98,110.33,91088,106.61,106.61,106.52,106.55,95682,106.6,106.6,106.55,106.59,77751,110.84,106.26,110.84,106.26
2025-10-09,107.43,108.2,107.43,107.78,215105,107.21,107.33,107.19,107.31,57556,107.32,107.63,107.32,107.54,61595,108.2,106.81,108.2,106.81
2025-10-10,107.52,107.89,107.16,107.16,128868,108.8,108.82,108.7,108.77,102621,108.73,108.88,108.71,108.88,69119,110.71,106.85,110.71,106.85
2025-10-13,108.99,109.2,108.28,108.44,124749,107.93,108.04,107.92,108.02,29883,107.98,108.1,107.97,108.07,28661,109.2,107.53,109.2,107.53
2025-10-14,108.41,108.58,108,108.37,129581,106.7,106.72,106.66,106.69,27818,106.58,106.58,106.56,106.56,21995,108.69,106.11,108.69,106.11
2025-10-15,107.04,107.04,106.65,106.79,147596,107.29,107.31,107.26,107.31,75376,107.54,107.82,107.43,107.43,114832,107.82,105.68,107.82,105.68
2025-10-16,107.82,108.23,107.68,108.02,125740,106.67,106.69,106.55,106.55,71541,106.29,106.34,105.5,106.16,345675,108.97,106.32,108.97,105.5
2025-10-17,105.48,105.48,103.53,103.77,611670,103.32,103.48,103.17,103.29,215742,103.14,103.2,103.04,103.04,70665,105.48,102.11,105.48,102.11
2025-10-20,103.07,103.41,102.6,102.75,182666,101.38,101.51,101.31,101.46,93108,101.51,101.53,101.5,101.5,79696,103.41,101.12,103.41,101.12
2025-10-21,102.25,102.65,102.25,102.6,57608,102.35,102.35,102.22,102.3,14599,102.35,102.35,102.22,102.3,14599,103.03,101.51,103.03,101.51
2025-10-23,102.54,102.71,102.18,102.7,138787,103.32,103.4,103.32,103.4,104067,103.23,103.3,103.23,103.28,87501,104.22,102.17,104.22,102.17
2025-10-24,103.26,103.51,103.04,103.28,58434,102.4,102.42,102.4,102.42,25275,102.32,102.34,102.27,102.27,33974,103.98,101.98,103.98,101.98
2025-10-27,102.33,102.82,102.32,102.55,113634,100.73,100.76,100.71,100.71,35412,100.76,100.78,100.75,100.77,63604,102.91,100.6,102.91,100.6
2025-10-28,100.91,101.18,100.75,101.06,123262,100.36,100.41,100.35,100.4,58256,100.61,100.62,100.6,100.6,36347,101.31,100.22,101.31,100.22
2025-10-29,100.6,100.68,100.41,100.54,82824,101.33,101.47,101.24,101.47,125862,101.41,101.45,101.38,101.38,41862,102.65,99.72,102.65,99.72
2025-10-30,101.41,101.64,101.25,101.43,85148,99.49,99.49,99.47,99.49,84225,99.57,99.6,99.57,99.6,35602,102.14,99.42,102.14,99.42
2025-10-31,99.61,99.81,99.23,99.42,126730,98.28,98.3,98.26,98.3,49147,98.15,98.29,97.67,98.18,262936,99.81,98.17,99.81,97.67
2025-11-03,98.34,98.4,98.02,98.3,108482,98.23,98.24,97.97,98.18,101940,98.34,98.34,98.29,98.31,16449,99.22,97.97,99.22,97.97
2025-11-04,98.45,99.03,98.45,98.77,60203,99.61,99.61,99.58,99.58,36089,99.5,99.52,99.49,99.52,29250,100.48,98.45,100.48,98.45
2025-11-06,99.52,99.59,99.33,99.37,78207,97.52,97.57,97.5,97.56,44410,97.51,97.51,97.47,97.5,25985,99.62,97.18,99.62,97.18
2025-11-07,97.31,97.52,97.09,97.31,91244,96.49,96.54,96.46,96.46,80500,96.51,96.64,96.5,96.63,58243,97.52,95.76,97.52,95.76
2025-11-10,96.69,97.43,96.69,97.04,79920,95.27,95.4,95.26,95.37,55591,95.37,95.37,95.34,95.35,8486,97.43,95.14,97.43,95.14
2025-11-11,94.95,95.61,94.88,94.88,111759,96.57,96.64,96.57,96.64,48594,96.85,96.96,96.85,96.88,52691,96.69,93.78,96.96,93.78
2025-11-12,96.54,97.05,96.44,96.67,72623,100.94,100.99,100.85,100.85,181119,101.08,101.13,101.08,101.08,18183,102.11,96.44,102.11,96.44
2025-11-13,100.69,100.79,100.25,100.38,96907,97.72,97.76,97.67,97.76,62115,98.01,98.03,98.01,98.03,25278,100.79,97.67,100.79,97.67
2025-11-14,97.86,98.84,97.86,98.66,189247,98.3,98.3,98.2,98.25,52539,98.23,98.23,98.17,98.23,21724,99.13,97.47,99.13,97.47
2025-11-17,98.17,98.51,98.17,98.33,47641,97.71,97.74,97.66,97.71,39303,97.9,97.91,97.89,97.91,21432,99.49,97.57,99.49,97.57
2025-11-18,97.75,97.85,97.52,97.79,69230,97.3,97.33,97.3,97.32,35626,97.3,97.48,97.29,97.48,93636,97.85,96.96,97.85,96.96
2025-11-19,97.28,97.35,96.84,96.95,90617,96.69,96.69,96.59,96.65,29277,96.53,96.53,96.4,96.49,87286,97.35,96.2,97.35,96.2
2025-11-20,96.77,97.15,96.4,96.5,136361,96.01,96.01,95.99,96.01,16704,96.19,96.2,96.18,96.2,16599,97.18,95.92,97.18,95.91
2025-11-21,96.15,96.28,96.01,96.14,94644,95.85,95.85,95.78,95.82,26337,95.75,95.77,95.73,95.76,27076,96.28,95.62,96.28,95.62
2025-11-24,95.77,95.96,95.21,95.21,156105,96.26,96.44,96.24,96.34,75387,95.68,95.71,95.53,95.7,145977,97.13,94.93,97.13,94.93
2025-11-25,95.96,95.96,95.37,95.56,92221,94.72,94.74,94.63,94.74,41976,94.83,95.01,94.83,95,114247,95.96,94.58,95.96,94.58
2025-11-26,95.08,95.5,95.08,95.34,143963,95.49,95.49,95.41,95.47,29467,95.66,95.67,95.62,95.65,17966,95.81,95.03,95.81,95.03
2025-11-27,95.66,96.35,95.66,96.2,109717,95.96,95.96,95.79,95.91,33252,95.57,95.64,95.5,95.52,35935,96.89,95.66,96.89,95.37
2025-11-28,95.91,96.03,95.38,95.42,77029,98.8,98.81,98.7,98.78,85280,99.1,99.1,98.94,98.94,41266,102.16,95.08,102.16,95.08
2025-12-01,99.42,99.5,98.72,99.01,131172,97.88,97.89,97.77,97.84,61847,97.55,97.55,97.39,97.39,26583,99.5,97.37,99.5,97.37
2025-12-02,97.24,97.96,97.17,97.46,168305,96.19,96.2,96.1,96.1,47910,95.43,95.71,95.43,95.62,56471,97.96,95.61,97.96,95.18
2025-12-03,95.1,95.51,94.77,94.77,235570,97.29,97.42,97.28,97.38,90929,97.55,97.59,97.55,97.57,43740,97.65,94.64,97.66,94.64
2025-12-04,97.18,97.64,96.86,97.19,95619,95.78,95.78,95.59,95.69,60292,95.61,95.68,95.58,95.62,29950,97.64,95.22,97.64,95.22
2025-12-05,95.56,95.79,95.42,95.79,102412,95.22,95.27,95.22,95.25,20694,95.22,95.26,95.14,95.24,15157,96.01,94.7,96.01,94.7
2025-12-08,95.3,95.57,95.13,95.39,131350,91.45,91.49,91.44,91.48,50673,91.46,91.47,91.41,91.41,54152,96.09,91.15,96.09,91.15
2025-12-09,91.65,91.65,91.13,91.33,97251,90.69,90.71,90.6,90.61,50912,90.5,90.5,90.25,90.41,199864,91.88,89.5,91.88,89.5
2025-12-10,90.81,92.7,90.57,92.43,170914,91.19,91.19,91.05,91.11,79097,91.16,91.31,91.16,91.26,24818,93.0,90.57,93.0,90.57
2025-12-11,91.71,91.71,91.37,91.53,80691,91.59,91.66,91.49,91.54,56285,91.54,91.54,91.52,91.52,23890,92.43,90.79,92.43,90.79
2025-12-12,91.81,93.08,91.71,93.02,185931,92.03,92.03,91.92,91.94,79499,92.03,92.05,92,92.05,54371,93.21,91.51,93.21,91.51
2025-12-15,92.05,92.44,91.86,92.41,80377,91.61,91.61,91.56,91.58,42039,91.59,91.61,91.59,91.59,41014,92.85,91.31,92.85,91.31
2025-12-16,91.61,91.79,91.42,91.62,59234,90.56,90.62,90.54,90.59,37064,90.49,90.51,90.49,90.51,26819,92.05,90.49,92.05,90.34
2025-12-17,90.73,91.4,90.73,91.21,114546,90.54,90.54,90.46,90.5,28442,90.3,90.3,90.27,90.3,15747,92.0,90.26,92.0,90.25
2025-12-18,90.68,91.01,90.32,90.58,150349,88.37,88.38,88.35,88.36,110482,88.39,88.44,88.39,88.44,28372,91.01,87.72,91.01,87.72
2025-12-19,88.86,89.72,88.78,89.26,312364,88.38,88.39,88.37,88.39,50992,88.45,88.53,88.39,88.4,86024,90.2,88.15,90.2,88.15
2025-12-22,89.05,89.76,89.05,89.32,93468,89.66,89.74,89.65,89.71,28494,89.76,89.78,89.74,89.74,64511,91.0,88.99,91.0,88.99
2025-12-23,89.95,90.13,89.61,89.83,99418,89.72,89.78,89.69,89.74,33864,89.64,89.64,89.58,89.59,25873,90.43,89.27,90.43,89.27
2025-12-24,89.85,89.94,89.56,89.78,93485,89.71,89.71,89.63,89.67,66147,89.71,89.71,89.7,89.71,22864,91.45,89.52,91.45,89.52
2025-12-26,89.67,90.48,89.28,89.46,143588,89.01,89.04,88.96,89.02,71591,89.11,89.12,89.07,89.07,32640,90.48,88.93,90.48,88.93
2025-12-29,89.36,89.74,89.21,89.35,113780,88.69,88.69,88.55,88.66,67013,88.64,88.66,88.63,88.64,21520,89.74,88.19,89.74,88.19
2025-12-30,88.68,88.98,88.63,88.77,60105,87.55,87.61,87.43,87.6,115996,87.57,87.67,87.57,87.61,47829,89.07,87.43,89.07,87.43
2025-12-31,87.88,88.29,87.88,87.95,65939,87.84,87.88,87.8,87.84,96788,87.89,87.93,87.86,87.86,57524,88.58,87.71,88.58,87.71
2026-01-01,87.9,88.51,87.9,88.4,85783,88.37,88.37,88.27,88.34,97559,88.39,88.39,88.38,88.39,48662,91.39,87.9,91.39,87.9
2026-01-02,88.58,88.88,88.3,88.52,329586,88.98,89.09,88.98,89.04,151057,89.06,89.06,88.93,88.97,68833,89.09,88.11,89.17,88.11
2026-01-05,89.36,91.11,89.36,90.9,511819,89.07,89.1,89.02,89.02,45396,89.07,89.07,89.04,89.04,25564,91.2,88.6,91.2,88.6
2026-01-06,89.17,89.71,89.08,89.32,365898,89.15,89.4,89.11,89.4,112164,89.88,89.95,89.66,89.66,175417,89.76,88.79,89.95,88.79
2026-01-07,89.52,89.59,89.12,89.12,133881,90,90.06,89.99,90.01,41517,90.03,90.05,89.99,89.99,22040,90.44,88.78,90.44,88.78
2026-01-08,90.1,90.22,89.97,90.03,80854,88.5,88.62,88.49,88.58,70505,88.4,88.4,88.39,88.39,61960,90.62,88.19,90.62,88.11
2026-01-09,88.49,88.97,88.19,88.19,203139,88.88,88.91,88.88,88.88,62176,88.91,88.92,88.89,88.92,12687,89.27,87.59,89.27,87.59
2026-01-12,88.97,88.98,88.17,88.33,93711,87.69,87.74,87.67,87.7,35802,87.88,87.95,87.86,87.93,23340,88.98,86.65,88.98,86.65
2026-01-13,87.9,88.39,87.9,88.23,57810,86.95,87.01,86.94,86.96,30430,87.11,87.14,87.09,87.14,17449,88.57,86.92,88.57,86.92
2026-01-14,87.1,87.49,87.1,87.49,77375,88.13,88.15,88.13,88.15,33982,88.13,88.29,88.13,88.29,22779,88.75,87.1,88.75,87.1
2026-01-16,88.18,88.55,87.82,87.82,94838,87.53,87.53,87.38,87.39,47658,87.27,87.27,87.22,87.26,21993,88.55,87.31,88.55,87.22
2026-01-19,87.25,87.35,86.94,86.95,85019,85.96,86.03,85.94,85.94,83951,85.87,85.95,85.85,85.95,87339,87.35,85.94,87.35,85.83
2026-01-20,85.95,86.09,85.41,85.41,144150,81.75,81.75,81.65,81.75,74469,81.82,82.04,81.82,82.03,93053,86.09,81.56,86.09,81.38
2026-01-21,82.04,82.04,81.22,81.38,175645,79.68,79.87,79.66,79.77,82674,80.51,80.57,80.51,80.54,75941,82.04,79.11,82.04,79.11
2026-01-22,80.81,81.53,80.81,81.36,50498,83.01,83.17,83.01,83.02,180904,83.14,83.15,83.07,83.07,21441,84.34,80.81,84.34,80.81
2026-01-23,83.26,83.26,81.78,81.78,243956,79.58,79.58,79.1,79.25,503398,79.97,79.97,79.61,79.69,45971,83.26,79.1,83.26,79.1
2026-01-27,79.75,80.06,78.66,78.66,244707,77.49,77.49,77.22,77.31,234984,77.87,77.93,77.79,77.93,25328,80.06,76.57,80.06,76.57
2026-01-28,77.82,78.52,77.52,78.52,171646,81.65,83.02,81.65,81.96,457097,82.3,82.42,82.25,82.36,48623,83.02,77.52,83.02,77.52
2026-01-29,82.02,82.44,81.6,82.04,165111,80.33,80.69,80.33,80.53,373034,80.66,80.7,80.66,80.69,13311,82.44,79.87,82.44,79.87
2026-01-30,80.22,80.22,79.35,79.89,67687,82.27,82.32,82.27,82.32,38456,82.35,82.37,82.04,82.04,49844,82.97,79.35,82.97,79.35
2026-02-01,82.14,82.15,81.26,81.49,34971,79.59,79.7,78.13,79.32,242340,79.49,79.59,79.48,79.48,12191,82.24,78.13,82.24,78.13
2026-02-02,79.46,80.09,79.38,79.67,96981,79.26,79.52,79.25,79.52,126144,80.18,80.5,80.18,80.34,57737,80.28,77.64,80.77,77.64
2026-02-03,82.04,82.53,81.21,82.26,230252,80.52,80.57,80.5,80.57,37411,80.82,80.82,80.62,80.72,49733,82.53,80.15,82.53,80.15
2026-02-04,80.57,80.67,79.84,80.41,154645,82.63,83.41,82.63,82.73,360800,83.03,83.09,83,83.02,41204,83.41,79.84,83.41,79.84
2026-02-05,82.83,83.12,82.43,83.06,159986,83.89,84.06,83.84,84.05,117330,84.2,84.24,84.12,84.14,41729,84.92,82.43,84.92,82.43
2026-02-06,83.99,84.33,83.81,84.26,277739,87.04,87.9,87.04,87.38,416675,87.35,87.35,87.31,87.34,57094,87.9,83.55,87.9,83.55
2026-02-09,87.57,89.07,87.5,89.07,381157,90.73,90.75,90.59,90.72,174935,90.39,90.52,90.36,90.44,46490,90.86,87.5,90.86,87.5
2026-02-10,90.55,91.21,90.22,90.83,149956,91.52,91.53,91.46,91.46,46488,91.32,91.32,91.13,91.22,22667,92.29,89.95,92.29,89.95
2026-02-11,91.49,91.81,91.21,91.53,167338,90.55,90.63,90.55,90.63,60667,90.81,90.81,90.68,90.68,43267,91.81,89.95,91.81,89.95
2026-02-12,90.68,91.07,90.55,90.81,93031,91.12,91.24,91.12,91.23,40954,92.02,92.04,91.95,91.95,68156,92.43,89.43,92.43,89.43
2026-02-13,90.83,91.48,90.55,91.42,153924,93.5,93.64,93.39,93.64,202910,93.75,93.76,93.66,93.76,53731,96.79,90.2,96.79,90.2
2026-02-16,93.96,96.51,93.44,93.8,435293,92.54,92.59,92.22,92.59,121318,92.13,92.2,92.05,92.14,22219,96.51,92.21,96.51,92.05
2026-02-17,92.03,92.29,91.67,91.67,135190,92.54,92.63,92.46,92.63,20889,92.56,92.56,92.39,92.49,31091,94.68,91.45,94.68,91.45
2026-02-18,92.65,92.73,92.15,92.38,114703,92.73,92.78,92.65,92.75,37972,92.33,92.33,92.27,92.29,16526,93.31,91.73,93.31,91.73
2026-02-19,92.78,92.83,92.1,92.1,93771,90.49,90.49,90.36,90.43,20518,89.84,89.84,89.67,89.76,29543,92.83,90.36,92.83,89.67
2026-02-20,89.61,89.61,88.59,89.47,303202,88.55,88.72,88.55,88.71,100973,88.49,88.57,88,88.39,177796,91.11,88.35,91.11,88.0
2026-02-23,88.58,88.87,88.25,88.46,92793,88.65,88.68,88.59,88.59,41742,88.58,88.62,88.49,88.62,28641,89.07,88.0,89.07,88.0
2026-02-24,88.83,88.93,88.39,88.51,102328,85.93,85.93,85.79,85.82,51072,86.04,86.08,86.01,86.01,19435,88.93,85.43,88.93,85.43
2026-02-25,86.41,87.31,86.41,87.31,169920,86.31,86.33,86.25,86.25,32893,86.2,86.25,86.17,86.23,14306,87.53,86.0,87.53,86.0
2026-02-26,86.32,86.32,86.01,86.17,50266,85.21,85.63,85.21,85.53,180706,85.37,85.46,85.37,85.45,33864,86.38,85.05,86.38,85.05
2026-02-27,85.55,85.75,85.26,85.3,83311,85.32,85.33,85.26,85.31,23768,85.51,85.64,85.51,85.64,23908,85.75,84.21,85.95,84.21
2026-03-02,83.23,83.92,82.93,83.53,165414,82.18,82.18,82.14,82.14,11138,82.47,82.47,82.35,82.37,27293,84.18,81.56,84.18,81.56
2026-03-04,80.58,81.55,80.58,81.02,63116,79.95,79.95,79.84,79.89,25096,79.87,79.89,79.84,79.88,32553,81.55,79.5,81.55,79.5
2026-03-05,80.1,81.58,80.1,81.41,197180,80.38,80.56,80.37,80.46,148035,80.73,80.78,80.68,80.68,47987,81.64,78.91,81.64,78.91
2026-03-06,80.38,80.38,79.61,79.99,127611,79.95,79.96,79.91,79.95,6011,79.91,79.91,79.89,79.89,24696,80.76,79.61,80.76,79.61
2026-03-09,77.16,78.23,77.16,77.7,181305,78.06,78.24,78.04,78.13,142105,78.72,79.11,78.72,79.11,76159,78.24,76.67,79.31,76.67
2026-03-10,79.11,79.98,79.01,79.6,143694,78.54,78.55,78.48,78.54,24290,78.63,78.72,78.63,78.68,30798,79.98,77.69,79.98,77.69
2026-03-11,78.52,79.74,78.52,79.74,294711,78.73,78.77,78.7,78.76,16157,78.61,78.62,78.57,78.59,14803,81.92,78.35,81.92,78.35
2026-03-12,78.6,78.61,77.67,77.67,78548,80.07,80.09,79.95,80.04,67087,79.96,79.96,79.84,79.84,24010,80.97,76.79,80.97,76.79
2026-03-13,80.09,80.09,79.31,79.45,61652,75.91,75.96,75.9,75.96,95423,76.23,76.38,76.23,76.38,34122,80.09,75.79,80.09,75.79
2026-03-16,76.24,76.62,76,76.18,142325,73.64,73.68,73.46,73.64,45029,73.66,73.69,73.56,73.64,111378,76.62,72.89,76.62,72.89
2026-03-17,74.08,74.5,73.46,73.66,169239,73.62,73.64,73.59,73.59,47397,73.49,73.54,73.47,73.51,48522,74.5,72.9,74.5,72.9
2026-03-18,73.74,73.74,73.31,73.37,97149,74.91,74.92,74.89,74.9,30013,75.09,75.2,75.07,75.09,20487,75.68,73.1,75.68,73.1
2026-03-19,74.12,74.18,73.69,73.94,90616,72.23,72.23,71.79,72.19,169080,72.25,72.3,72.24,72.29,36400,74.18,71.79,74.18,71.79
2026-03-20,72.76,73.32,72.66,72.9,175941,70.56,70.57,70.42,70.49,578785,70.17,70.76,70.17,70.35,202183,73.78,70.42,73.78,69.94
2026-03-23,70.31,70.31,69.46,69.57,189530,66.96,66.98,66.88,66.93,49267,66.66,66.71,66.41,66.61,194148,70.31,66.61,70.31,66.41
2026-03-24,67.66,68.33,67.66,67.93,196737,70.28,70.55,70.13,70.36,199529,69.41,69.48,69.34,69.48,129896,71.1,67.39,71.1,67.39
2026-03-25,70.33,71.66,70.05,71.6,358291,74.02,74.13,74,74.08,67371,73.78,73.94,73.78,73.93,123622,75.48,70.05,75.48,70.05
2026-03-27,73.25,73.34,72.7,72.98,301121,72.08,72.13,72.07,72.1,61290,71.33,71.59,71.3,71.51,218042,74.71,71.3,74.71,71.15
2026-03-30,70.32,71.74,70.32,71.3,269576,70.7,70.7,70.54,70.68,92755,70.32,70.32,70.2,70.31,139647,74.9,69.5,74.9,69.5
2026-04-01,72.27,72.93,72.08,72.57,197397,74.31,74.31,74.24,74.29,58252,74.29,74.41,74.28,74.4,19403,75.06,72.08,75.06,72.08
2026-04-02,72.51,72.91,71.73,71.8,196419,72.57,72.6,72.5,72.55,65330,72.39,72.39,72.27,72.37,29814,72.91,70.69,72.91,70.69
2026-04-06,72.71,72.91,72.09,72.09,266914,71.98,72.08,71.92,72.04,66783,72.2,72.22,72.13,72.18,28395,72.91,70.42,72.91,70.42
2026-04-07,71.97,72.26,71.38,72.26,142894,71.9,71.9,71.85,71.88,56830,71.88,71.88,71.79,71.87,45534,73.0,71.38,73.0,71.38
2026-04-08,74.82,74.82,73.88,74.34,772289,76.54,76.54,76.33,76.45,354689,78.16,78.16,77.46,77.84,696973,78.32,73.46,78.32,73.46
2026-04-09,77.16,77.2,76.28,76.66,252868,77.55,77.57,77.55,77.56,165005,77.28,77.28,77.16,77.21,70095,80.28,76.28,80.28,76.28
2026-04-10,77.84,77.99,77.55,77.78,309030,80.07,80.08,80.02,80.08,20738,79.95,80.07,79.94,80.07,74978,82.04,77.55,82.04,77.55
2026-04-13,77.96,78.04,76.8,76.8,337781,78.07,78.1,78.01,78.1,103505,77.84,78.02,77.84,78.02,64576,79.41,76.53,79.41,76.53
2026-04-15,79.7,80.43,79.5,80.43,386491,80.78,80.81,80.71,80.73,20233,80.89,80.89,80.75,80.78,92557,81.84,79.4,81.84,79.4
2026-04-16,81.6,82.2,81.36,82.2,342897,78.23,78.29,78.21,78.22,165125,78.26,78.32,78.26,78.32,324490,82.47,77.31,82.47,77.31
2026-04-17,78.38,78.95,78.26,78.92,315903,79.26,79.26,79.2,79.24,74494,79.07,79.13,79.04,79.13,185180,79.95,78.09,79.95,78.09
2026-04-20,79.4,79.78,78.93,79.22,333918,85.17,85.31,85.09,85.21,693344,84.83,84.84,84.67,84.76,171089,87.11,78.48,87.11,78.48
2026-04-21,85.42,86.12,84.68,84.83,1151604,84.24,84.28,84.1,84.17,246587,84.63,84.63,84.53,84.53,80517,87.01,84.1,87.01,84.05
2026-04-22,84.38,85.63,84.14,85.63,0,85.39,85.39,85.26,85.32,92856,85.53,85.95,85.48,85.95,297669,86.62,84.14,86.62,84.14
2026-04-23,85.46,86.03,84.81,85.95,310658,88.93,89.06,88.91,89,178870,89.07,89.27,89.07,89.23,92490,91.03,84.81,91.03,84.81
2026-04-24,88.88,89.99,88.59,89.42,355146,86.13,86.13,86.06,86.07,95425,85.96,86.03,85.95,86.01,41970,89.99,84.62,89.99,84.62
2026-04-27,86.04,87.12,86.04,86.63,193291,89.36,89.36,89.28,89.36,61827,89.07,89.07,88.99,89.05,59824,90.24,86.04,90.24,86.04
2026-04-28,89.29,89.29,88.52,89.11,128858,90.59,90.59,90.54,90.59,66857,91.12,91.17,91.11,91.17,45311,92.15,88.52,92.15,88.52
2026-04-29,91.22,91.61,91.12,91.44,141464,88.48,88.51,88.39,88.39,163537,88.18,88.29,88.18,88.29,65325,91.61,88.39,91.61,87.91
2026-04-30,87.56,88.45,87.51,87.9,319088,87.81,87.89,87.54,87.75,78013,87.65,87.8,87.53,87.8,43214,88.68,85.95,88.68,85.95
2026-05-04,87.99,88.57,87.99,88.21,77008,88.74,88.75,88.7,88.74,30890,88.59,88.68,88.58,88.58,23224,90.22,87.5,90.22,87.5
2026-05-05,88.36,88.88,87.9,88.88,72742,88.48,88.6,88.45,88.58,33339,88.63,88.66,88.6,88.63,31758,91.16,87.9,91.16,87.9
2026-05-06,88.92,89.89,88.91,89.84,160280,92.16,92.2,92.12,92.15,54237,92.29,92.29,92.22,92.26,38083,93.86,87.82,93.86,87.82
2026-05-07,93.03,94.09,92.83,93.9,504141,92.48,92.48,92.39,92.45,73445,92.28,92.34,92.25,92.26,50509,94.74,91.98,94.74,91.98
2026-05-08,92,92.37,91.86,92.01,43743,93.1,93.1,92.98,92.98,21248,93.08,93.13,93.02,93.08,32901,94.0,91.75,94.0,91.75
2026-05-11,92,92.16,91,91,218601,88.1,88.31,88.1,88.26,86140,88.36,88.39,88.36,88.37,123797,92.16,87.87,92.16,87.87
2026-05-12,88.26,88.63,88,88.1,79180,84.86,84.9,84.48,84.49,71877,84.76,84.87,84.76,84.87,76949,88.63,83.41,88.63,83.41
2026-05-13,84.48,84.76,83.6,83.86,375121,86.65,86.71,86.62,86.66,49710,86.61,86.67,86.53,86.63,60667,88.07,83.42,88.07,83.42
2026-05-14,86.92,87.57,86.92,87.31,122250,88.63,88.66,88.63,88.66,19989,88.71,88.77,88.7,88.72,65405,89.21,86.45,89.21,86.45
2026-05-15,88.78,88.8,87.88,87.88,103734,85.79,85.89,85.78,85.89,21646,85.89,85.95,85.84,85.95,52834,88.8,85.7,88.8,85.46
2026-05-18,85.63,85.63,84.69,84.78,184489,82.59,82.69,82.55,82.63,58034,82.5,82.5,82.25,82.41,127917,85.63,80.51,85.63,80.51
2026-05-19,82.73,83.29,82.73,83.14,111154,85.58,85.58,85.52,85.52,42093,85.63,85.65,85.56,85.65,125008,86.4,82.73,86.4,82.73
2026-05-20,81.06,83.21,81.06,82.45,1468945,81.07,81.1,81.01,81.01,100594,80.85,80.88,80.77,80.85,92672,83.29,79.91,83.29,79.91
2026-05-21,81.32,82.9,81.32,82.44,763271,81.42,81.55,81.42,81.53,39014,81.89,82.04,81.87,82.02,339368,82.9,80.77,82.9,80.77
2026-05-22,81.89,82.14,81.67,81.67,102145,80.2,80.22,80.13,80.21,62431,80.21,80.21,80.18,80.18,28102,82.14,79.96,82.14,79.96
2026-05-25,80.99,81.3,80.88,81.07,106435,80.66,80.76,80.66,80.73,39014,80.83,80.94,80.83,80.94,60320,82.77,80.46,82.77,80.46
2026-05-26,81.14,81.26,80.89,81.26,59277,80.92,80.99,80.91,80.98,16501,80.84,80.87,80.82,80.87,20331,82.62,80.58,82.62,80.58
2026-05-27,81.75,81.89,81.45,81.79,208352,89.6,89.69,89.19,89.32,1014980,88.59,88.77,88.59,88.77,170625,90.82,81.24,90.82,81.24
2026-05-29,90.05,90.81,88.68,88.94,1389220,90.68,90.71,90.61,90.62,373944,90.2,90.29,90.09,90.23,153566,93.23,88.49,93.23,88.49
2026-06-01,91.9,91.97,90.56,90.56,552973,93.88,93.96,93.76,93.88,294385,92.65,92.68,92.59,92.59,484432,97.47,90.38,97.47,90.38
2026-06-02,92.19,93.08,91.84,92.25,1075373,92.43,92.45,92.27,92.32,341662,92.1,92.1,91.91,91.95,81916,95.12,90.54,95.12,90.54
2026-06-03,92,92.02,90.63,91.03,617509,92.1,92.17,92.1,92.17,32314,92.19,92.19,92.15,92.15,33063,92.98,89.19,92.98,89.19
2026-06-04,91.81,92.43,91.33,92.43,159539,102.03,103.23,101.94,103.21,3310178,103.56,104.11,103.53,104.11,1107327,103.23,91.33,104.99,91.33
2026-06-05,104.5,105.97,103.64,104.43,3931489,110.04,110.2,109.87,110.1,1546002,110,110.05,109.87,109.94,305727,111.05,103.64,111.05,103.64
2026-06-08,110.36,111.19,108.3,108.46,3370954,109.04,109.48,108.91,109.2,894444,107.33,107.62,107.29,107.36,678914,114.47,108.3,114.47,106.85
2026-06-09,108.52,109.29,107.19,107.95,2187391,104.99,105.03,104.77,104.86,340808,104.49,104.58,104.43,104.48,210347,109.29,104.41,109.29,104.17
2026-06-10,105.72,107.04,105.54,106.14,1428436,100.61,100.64,100.41,100.63,419411,100.5,100.5,100.3,100.3,151423,107.91,99.86,107.91,99.86
2026-06-11,100.6,103.23,100.55,102.66,2539676,108.99,109.77,108.94,109.51,2202409,109.15,109.39,109,109.12,429055,109.77,100.55,110.26,100.55
2026-06-12,110.55,110.75,108.62,110.08,3891569,110.41,110.44,110.27,110.27,450924,108.49,108.65,108.41,108.64,202832,112.27,106.46,112.27,106.46
2026-06-15,110.36,111.35,108.9,109.24,1510996,106.1,106.13,105.8,105.86,249992,105.3,105.37,104.79,105.19,338594,111.35,105.68,111.35,104.79
2026-06-16,106.94,107.67,105.77,107.42,1370906,108.36,108.57,108.27,108.37,214306,108.35,108.37,108.21,108.35,106410,111.1,105.74,111.1,105.74
2026-06-17,109.19,109.24,108.25,109.19,863678,107.37,107.37,107.3,107.36,183371,107.37,107.4,107.32,107.36,133414,110.17,106.99,110.17,106.99
2026-06-18,108.06,108.65,107.52,108.35,641850,109.03,109.26,108.71,109.13,293535,109.03,109.12,108.92,109.12,179702,111.73,107.19,111.73,107.19
2026-06-19,109.39,109.39,108.08,108.64,964090,110.63,110.8,110.44,110.77,487623,111.21,111.21,111.03,111.03,167485,115.04,108.08,115.04,108.08
2026-06-22,111.34,111.83,110.85,111.23,741303,113.27,113.27,113.15,113.26,204686,113.01,113.05,112.98,113.02,193619,114.9,110.85,114.9,110.85
2026-06-23,113.77,115.53,113.54,115.18,1846902,112.41,112.47,112.23,112.26,291147,112.52,112.7,112.46,112.66,382755,115.59,110.92,115.59,110.92
2026-06-24,112.41,112.69,111.94,112.38,411047,113.19,113.29,113.1,113.15,321908,112.85,112.88,112.8,112.83,125092,113.29,109.31,113.29,109.31
2026-06-25,113.39,114.25,113.29,113.29,1053056,109.36,109.39,109.23,109.35,269966,108.18,108.28,108.05,108.25,284618,114.25,109.0,114.25,107.43
2026-06-29,109.38,109.46,107.54,107.94,424441,104.7,104.7,104.21,104.3,370454,104.48,104.49,104.21,104.31,98490,109.46,104.01,109.46,104.01
2026-06-30,104.99,105.22,104.5,104.69,352915,101.16,101.17,100.74,100.98,372563,101.21,101.21,101.13,101.13,75869,105.22,100.74,105.22,100.7
2026-07-01,102.55,103.23,102.16,102.95,826960,105.48,105.59,105.37,105.4,219044,105.36,105.97,105.3,105.73,437162,109.63,102.16,109.63,102.16
2026-07-02,105.48,105.48,102.65,102.9,1902345,104.51,104.51,104.37,104.38,232042,104.43,104.43,104.33,104.4,97673,105.92,101.1,105.92,101.1
2026-07-03,105.05,105.68,104.5,105.68,757662,102.94,103.04,102.65,102.93,453720,102.26,102.35,102.21,102.34,110161,106.65,102.65,106.65,101.58
2026-07-06,102.91,102.91,102.16,102.81,245046,99.21,99.3,99.05,99.18,349077,100.25,100.26,100.04,100.04,113801,103.23,98.63,103.23,98.63
2026-07-07,99.97,100.34,99.63,99.77,335719,100.07,100.3,99.91,100.03,194454,99.61,99.61,99.5,99.6,107749,102.15,97.96,102.15,97.96
2026-07-08,99.33,99.71,98.35,98.41,311306,97.51,97.53,97.4,97.43,157066,96.89,96.94,96.36,96.87,144799,99.98,96.89,99.98,96.36
2026-07-09,97.47,97.5,96.55,96.55,340470,97.18,97.22,97.13,97.13,71643,97.4,97.46,97.37,97.42,76233,99.02,96.14,99.02,96.14
2026-07-10,98.25,98.87,98.07,98.33,475199,95.31,95.37,95.24,95.37,179834,94.78,94.8,94.65,94.78,153508,99.58,94.53,99.58,94.53
2026-07-13,94.79,95,94.35,94.59,268682,98.89,99.01,98.89,98.98,164064,98.98,99.01,98.89,98.93,84974,99.33,94.05,99.33,94.05
2026-07-14,99.03,99.12,97.96,97.96,265666,100.38,100.52,100.3,100.52,147944,100.76,100.84,100.73,100.84,174668,103.32,97.37,103.32,97.37
2026-07-15,101.18,101.43,100.15,100.34,440316,99.64,99.64,99.51,99.55,79618,99.38,99.39,99.23,99.28,67343,101.43,99.24,101.43,98.7
2026-07-16,99.55,99.57,98.84,99.25,190866,103.38,103.43,103.33,103.39,129010,103.3,103.33,103.18,103.23,142234,104.01,97.8,104.01,97.8
2026-07-17,103.23,103.33,101.96,102.12,367522,103.88,104.26,103.71,104.03,406316,104.57,104.59,104.5,104.55,218790,106.46,101.13,106.46,101.13
2026-07-20,104.5,104.5,103.62,104.16,258083,104.79,105.04,104.79,104.94,281888,104.86,104.89,104.76,104.8,60656,107.04,103.58,107.04,103.58
2026-07-21,104.99,105,104.16,104.72,163715,105.37,105.37,105.19,105.19,91163,104.27,104.4,104.02,104.4,109375,107.29,104.16,107.29,104.02
2026-07-22,104.5,104.5,103.23,103.59,346754,102.84,102.84,102.64,102.7,104706,102.96,103.35,102.96,103.18,135114,105.13,102.55,105.13,102.55
2026-07-23,102.93,102.94,102.34,102.6,142763,100.89,100.89,100.7,100.88,83522,101.12,101.15,100.77,100.78,76545,102.94,100.7,102.94,100.4
2026-07-24,100.4,100.79,99.88,100.46,231215,103.37,103.43,103.25,103.37,100798,103.56,103.62,103.53,103.53,139829,104.41,98.84,104.41,98.84
2026-07-27,103.53,104.11,103.33,103.72,193937,106.48,106.68,106.46,106.46,197389,106.53,106.62,106.46,106.54,100391,106.94,103.33,106.94,103.33
2026-07-28,106.6,106.75,106.11,106.54,209692,105.32,105.32,105.06,105.15,71944,104.82,104.83,104.51,104.6,62325,107.63,104.18,107.63,103.77
2026-07-29,105.49,105.71,104.89,104.89,278306,105.47,105.55,105.43,105.46,81740,105.59,105.63,105.57,105.59,35786,106.05,103.78,106.05,103.78
2026-07-30,105.48,105.6,104.85,105.34,125207,109.48,109.63,109.48,109.54,141955,110.03,110.66,110.02,110.27,622794,109.87,104.03,111.05,104.03
2026-07-31,110.46,111.29,110.36,110.65,703717,112.07,112.07,111.84,111.86,145290,111.78,111.78,111.63,111.7,151423,114.58,109.78,114.58,109.78
2026-08-03,100.6,102.21,99.82,102.21,6014484,95.61,96.06,95.57,96.01,305389,95.66,95.71,95.62,95.71,228979,104.21,93.32,104.21,93.32
2026-08-04,96.69,97.65,95.76,96.55,1570349,97.18,97.23,97.17,97.18,32466,97.06,97.06,97.03,97.05,75649,98.45,95.76,98.45,95.76
2026-08-05,98.04,98.04,97.18,97.56,458982,92.1,92.1,92,92.05,125549,91.98,92,91.91,91.91,124103,99.13,92.0,99.13,91.89
2026-08-06,92.78,92.87,92,92.6,797502,90.34,90.35,90.28,90.28,28948,90.16,90.24,90.16,90.24,92806,93.76,89.85,93.76,89.85
2026-08-07,90.83,91.25,90.41,91.04,358627,91.81,91.96,91.81,91.89,57360,91.86,91.87,91.82,91.86,34673,93.37,90.41,93.37,90.41
2026-08-10,93.55,93.55,92.34,92.74,442721,91.99,91.99,91.96,91.98,22125,92.27,92.28,92.12,92.13,80378,93.55,91.18,93.55,91.18
2026-08-11,87.9,90.39,87.9,90.05,1812675,88.97,89,88.94,88.99,32130,89.55,89.85,89.52,89.85,66009,91.75,87.9,91.75,87.9
2026-08-12,90.34,90.42,89.96,90.14,224143,95.63,95.71,95.56,95.66,373390,96.15,96.25,95.76,95.77,206404,95.91,88.15,96.54,88.15
2026-08-13,95.27,96.2,94.83,95.81,1400873,94.03,94.15,93.94,94.03,149631,94.32,94.5,94.25,94.37,59074,96.93,93.11,96.93,93.11
2026-08-14,94.74,94.88,94.33,94.8,271738,99.91,99.99,99.77,99.82,178749,99.67,99.72,99.56,99.62,213959,102.3,93.23,102.3,93.23
2026-08-17,100.05,101.07,99.68,100.88,1124918,102.4,102.52,102.36,102.46,178291,102.49,102.51,102.38,102.4,136119,104.7,98.65,104.7,98.65
2026-08-18,102.42,103.82,102.23,103.59,666881,102.96,102.99,102.91,102.91,53927,102.74,102.78,102.59,102.75,103306,104.45,101.08,104.45,101.08
2026-08-19,102.85,103.41,102.22,103.13,359191,99.79,99.82,99.63,99.64,114476,99.38,99.52,99.35,99.5,51855,103.41,99.63,103.41,98.89
2026-08-20,100.79,101.18,100.35,101.05,189062,104.82,105.23,104.82,105.15,231186,105.63,105.81,105.52,105.72,102305,106.94,100.35,106.94,100.35
2026-08-21,105.97,106.78,105.51,106.14,499556,105.05,105.43,105.01,105.2,479571,105.29,105.34,104.99,105.04,98933,106.88,104.03,106.88,104.03
2026-08-24,105.46,106.76,104.5,106.46,1745803,102.01,102.1,101.86,102.1,201254,102.53,102.56,102.45,102.45,34975,108.05,101.2,108.05,101.2
2026-08-25,102.55,103.66,102.55,103.23,155901,102.44,102.49,102.39,102.4,43820,102.26,102.34,102.07,102.34,48109,104.89,101.9,104.89,101.88
2026-08-26,103.39,103.6,102.72,103.36,249927,102.11,102.25,102.08,102.24,49902,101.91,101.92,101.82,101.91,150647,104.99,101.79,104.99,101.57
2026-08-27,102.56,103.45,102.49,102.98,279325,101.42,101.47,101.33,101.38,34773,101.28,101.38,101.21,101.3,173043,104.83,101.2,104.83,101.08
2026-08-28,102.75,102.78,101.77,102.37,506093,99.1,99.13,99.1,99.12,48931,99.17,99.28,99.17,99.23,78887,103.76,98.5,103.76,98.5
2026-08-31,98.64,98.82,94.55,94.55,1805509,91.66,91.66,91.49,91.51,117558,91.48,91.77,91.46,91.67,273281,98.82,84.87,98.82,84.87
2026-09-01,91.81,92.78,91.61,92.45,652452,91.44,91.47,90.94,91.01,246478,91.17,91.23,91.03,91.1,55096,93.94,89.85,93.94,89.85
2026-09-02,90.68,90.97,90.09,90.09,346670,88.51,88.52,88.29,88.32,60305,88.47,88.52,88.39,88.49,86536,91.16,88.1,91.16,88.1
2026-09-03,88.95,89.74,88.95,89.46,333924,89.48,89.51,89.46,89.46,27580,89.52,89.53,89.47,89.51,38487,90.65,88.49,90.65,88.49
2026-09-04,89.85,90.68,89.85,90.54,245779,89.35,89.35,89.29,89.33,28942,89.35,89.36,89.27,89.35,55071,90.78,88.39,90.78,88.39
2026-09-07,85.95,86.92,85.75,86.38,1851541,83.87,83.88,83.8,83.8,104202,83.85,83.85,83.8,83.83,73641,86.92,83.43,86.92,83.43
2026-09-08,83.8,84.43,83.63,84.31,422059,84.27,84.31,84.26,84.28,34539,84.38,84.43,84.29,84.29,91350,85.48,83.5,85.48,83.5
2026-09-09,84.48,85.15,84.39,84.86,253608,83.68,83.7,83.56,83.6,60672,83.58,83.58,83.51,83.51,42318,85.15,82.83,85.15,82.83
2026-09-10,84.4,84.95,84.31,84.75,276177,80.72,80.8,80.67,80.67,108496,81.1,81.2,81,81.07,121130,85.1,80.26,85.1,80.26
2026-09-11,81,81.38,80.45,81.38,311101,79.37,79.37,79.29,79.31,67158,79.27,79.39,79.27,79.35,113808,81.9,79.25,81.9,79.2
2026-09-15,80,80,79.6,79.7,238108,77.46,77.51,77.45,77.5,37812,77.29,77.39,77.25,77.38,42008,80.29,77.3,80.29,77.11
2026-09-16,77.89,78.3,77.38,78.16,381748,79.6,79.8,79.6,79.76,101798,79.7,79.74,79.7,79.71,49185,83.66,77.38,83.66,77.38
