date,open,high,low,close,prev_vwap,trade_type,entry,quantity,target,exit,target_hit,brokerage,tax_charges,pnl_absolute,pnl_percent,capital
2025-01-02,47788.30,48267.10,47444.75,48148.55,47479.51,SHORT,47788.30,20,47479.51,47479.51,true,40.00,381.07,5754.73,0.60,1005754.73
2025-01-03,48450.00,48594.95,47766.00,47941.20,47905.68,SHORT,48450.00,20,47905.68,47905.68,true,40.00,385.42,10460.98,1.08,1016215.71
2025-01-06,47941.25,48197.95,47586.00,47999.90,48142.04,LONG,47941.25,21,48142.04,48142.04,true,40.00,403.55,3773.04,0.37,1019988.75
2025-01-07,47956.00,49254.70,47956.00,48813.65,47920.12,SHORT,47956.00,21,47920.12,48813.65,false,40.00,406.43,-18457.08,-1.83,1001531.66
2025-01-08,48667.00,48776.90,47111.05,48063.30,48905.33,LONG,48667.00,20,48905.33,48063.30,false,40.00,386.92,-12500.92,-1.28,989030.74
2025-01-09,48063.30,48063.30,47145.05,47544.70,47838.40,SHORT,48063.30,20,47838.40,47838.40,true,40.00,383.61,4074.39,0.42,993105.14
2025-01-10,47499.95,47899.95,46525.00,46745.55,47607.97,LONG,47499.95,20,47607.97,47607.97,true,40.00,380.43,1739.97,0.18,994845.10
2025-01-13,46600.00,46729.35,45579.35,45911.60,46961.90,LONG,46600.00,21,46961.90,45911.60,false,40.00,388.55,-14884.95,-1.52,979960.16
2025-01-14,46000.00,46650.95,45966.05,46471.50,45993.44,SHORT,46000.00,21,45993.44,45993.44,true,40.00,386.37,-288.61,-0.03,979671.54
2025-01-15,46508.25,47237.35,45255.10,46037.20,46321.78,SHORT,46508.25,21,46321.78,46321.78,true,40.00,389.89,3485.98,0.36,983157.53
2025-01-16,46061.00,46453.25,45337.20,45941.70,45926.07,SHORT,46061.00,21,45926.07,45926.07,true,40.00,386.35,2407.18,0.25,985564.71
2025-01-17,45950.00,46399.40,45069.50,46097.55,45981.54,LONG,45950.00,21,45981.54,45981.54,true,40.00,386.11,236.23,0.02,985800.94
2025-01-20,46100.00,46673.90,45360.00,46339.85,45867.35,SHORT,46100.00,21,45867.35,45867.35,true,40.00,386.26,4459.39,0.46,990260.33
2025-01-21,46339.85,46933.65,45866.35,45975.85,46054.33,SHORT,46339.85,21,46054.33,46054.33,true,40.00,388.06,5567.86,0.57,995828.19
2025-01-22,46280.00,46671.35,45700.00,46073.35,46260.52,SHORT,46280.00,21,46260.52,46260.52,true,40.00,388.67,-19.59,-0.00,995808.60
2025-01-23,46165.60,46913.90,45794.10,46768.75,46131.65,SHORT,46165.60,21,46131.65,46131.65,true,40.00,387.65,285.30,0.03,996093.90
2025-01-24,46554.00,47149.55,46256.35,46395.25,46530.18,SHORT,46554.00,21,46530.18,46530.18,true,40.00,390.95,69.27,0.01,996163.17
2025-01-27,46320.00,46320.00,44335.00,44579.40,46698.13,LONG,46320.00,21,46698.13,44579.40,false,40.00,381.78,-36974.38,-3.80,959188.79
2025-01-28,44509.00,44930.00,44200.15,44683.55,44944.75,LONG,44509.00,21,44944.75,44683.55,false,40.00,374.61,3250.94,0.35,962439.73
2025-01-29,44600.00,46098.95,44583.00,45190.35,44663.64,LONG,44600.00,21,44663.64,44663.64,true,40.00,374.91,921.53,0.10,963361.26
2025-01-30,45190.35,45205.40,43600.00,44303.45,45486.76,LONG,45190.35,21,45486.76,44303.45,false,40.00,375.87,-19040.77,-2.01,944320.49
2025-01-31,44300.00,45190.20,44289.95,44723.55,44336.80,LONG,44300.00,21,44336.80,44336.80,true,40.00,372.27,360.53,0.04,944681.02
2025-02-01,44775.00,47168.90,43605.00,46572.75,44769.89,SHORT,44775.00,21,44769.89,44769.89,true,40.00,376.09,-308.78,-0.03,944372.24
2025-02-03,46542.85,47493.50,45409.50,47278.75,45751.54,SHORT,46542.85,20,45751.54,45751.54,true,40.00,369.18,15417.02,1.66,959789.26
2025-02-04,46951.00,47191.40,45677.75,46907.25,46812.23,SHORT,46951.00,20,46812.23,46812.23,true,40.00,375.05,2360.35,0.25,962149.61
2025-02-05,47179.00,48400.00,45468.50,45795.15,46489.13,SHORT,47179.00,20,46489.13,46489.13,true,40.00,374.67,13382.73,1.42,975532.33
2025-02-06,45430.00,45430.00,43511.85,43991.20,46940.80,LONG,45430.00,21,46940.80,43991.20,false,40.00,375.57,-30630.37,-3.21,944901.97
2025-02-07,44350.00,44375.00,42700.00,42983.05,44021.76,SHORT,44350.00,21,44021.76,44021.76,true,40.00,371.16,6481.88,0.70,951383.84
2025-02-10,42983.05,43941.15,42801.95,43654.75,43262.52,LONG,42983.05,22,43262.52,43262.52,true,40.00,379.48,5728.86,0.61,957112.70
2025-02-11,43510.00,43577.00,41850.00,42114.85,43457.27,SHORT,43510.00,21,43457.27,43457.27,true,40.00,365.26,702.07,0.08,957814.77
2025-02-12,42300.00,43390.30,41615.00,42708.10,42393.88,LONG,42300.00,22,42393.88,42393.88,true,40.00,372.65,1652.71,0.18,959467.48
2025-02-13,42686.50,42686.50,41450.10,41681.25,42325.46,SHORT,42686.50,22,42325.46,42325.46,true,40.00,374.05,7528.83,0.80,966996.31
2025-02-14,41711.00,41775.00,40600.00,41068.35,41972.94,LONG,41711.00,23,41972.94,41068.35,false,40.00,380.79,-15201.74,-1.58,951794.57
2025-02-17,40800.00,41289.90,40301.60,40921.40,41090.13,LONG,40800.00,23,41090.13,41090.13,true,40.00,376.69,6256.30,0.67,958050.87
2025-02-18,40921.40,41091.45,40067.05,40617.75,40825.52,SHORT,40921.40,23,40825.52,40825.52,true,40.00,376.04,1789.20,0.19,959840.07
2025-02-19,40599.00,41691.20,40126.00,41530.45,40376.89,SHORT,40599.00,23,40376.89,40376.89,true,40.00,372.49,4696.04,0.50,964536.11
2025-02-20,41300.05,41595.00,40901.25,41399.80,41217.69,SHORT,41300.05,23,41217.69,41217.69,true,40.00,379.58,1474.70,0.16,966010.81
2025-02-21,41313.05,42350.00,40893.80,41132.30,41262.19,SHORT,41313.05,23,41262.19,41262.19,true,40.00,379.85,749.93,0.08,966760.74
2025-02-24,40990.00,41618.30,40715.70,41163.10,41331.40,LONG,40990.00,23,41331.40,41331.40,true,40.00,378.68,7433.52,0.79,974194.26
2025-02-25,41449.00,42087.95,41162.00,41929.55,41222.02,SHORT,41449.00,23,41222.02,41222.02,true,40.00,380.29,4800.25,0.50,978994.52
2025-02-27,42240.00,42240.00,41500.00,41870.15,41765.73,SHORT,42240.00,23,41765.73,41765.73,true,40.00,386.43,10481.78,1.08,989476.30
2025-02-28,41870.05,41870.15,40000.00,40515.95,41741.43,SHORT,41870.05,23,41741.43,41741.43,true,40.00,384.61,2533.65,0.26,992009.95
2025-03-03,40550.00,40898.20,40159.60,40564.60,40590.13,LONG,40550.00,24,40590.13,40590.13,true,40.00,389.47,533.65,0.05,992543.60
2025-03-04,40290.00,40649.90,39445.00,40319.80,40531.99,LONG,40290.00,24,40531.99,40531.99,true,40.00,387.95,5379.81,0.56,997923.41
2025-03-05,40065.15,41255.00,40065.10,41042.65,40021.47,SHORT,40065.15,24,40021.47,41042.65,false,40.00,389.32,-23889.32,-2.48,974034.09
2025-03-06,41490.00,41490.00,40352.00,40595.35,40762.98,SHORT,41490.00,23,40762.98,40762.98,true,40.00,378.36,16303.10,1.71,990337.19
2025-03-07,40790.00,40826.00,39992.65,40067.15,40622.52,SHORT,40790.00,24,40622.52,40622.52,true,40.00,390.78,3588.74,0.37,993925.93
2025-03-10,40200.00,40388.65,39627.65,39878.45,40274.56,LONG,40200.00,24,40274.56,40274.56,true,40.00,386.28,1363.16,0.14,995289.09
2025-03-11,39823.00,39846.50,38850.00,39761.35,39911.88,LONG,39823.00,24,39911.88,39761.35,false,40.00,382.00,-1901.60,-0.20,993387.49
2025-03-12,39750.00,40294.00,39550.05,40123.40,39419.38,SHORT,39750.00,24,39419.38,40123.40,false,40.00,383.39,-9384.99,-0.98,984002.49
2025-03-13,40243.50,40299.95,39750.00,40099.25,39941.97,SHORT,40243.50,24,39941.97,39941.97,true,40.00,384.89,6811.83,0.71,990814.32
2025-03-17,40200.00,40844.10,40020.10,40361.70,40037.70,SHORT,40200.00,24,40037.70,40037.70,true,40.00,385.14,3470.06,0.36,994284.38
2025-03-18,40450.00,40763.90,40168.05,40599.60,40456.39,LONG,40450.00,24,40456.39,40456.39,true,40.00,388.35,-274.99,-0.03,994009.39
2025-03-19,40600.00,41449.25,40600.00,41252.45,40458.74,SHORT,40600.00,24,40458.74,41252.45,false,40.00,392.89,-16091.69,-1.65,977917.70
2025-03-20,41500.00,42250.00,41127.00,41936.45,41040.73,SHORT,41500.00,23,41040.73,41936.45,false,40.00,383.81,-10462.16,-1.10,967455.54
2025-03-21,41686.60,42455.00,41686.60,42127.95,41777.51,LONG,41686.60,23,41777.51,41777.51,true,40.00,383.93,1667.00,0.17,969122.54
2025-03-24,42473.00,43199.00,42212.55,43127.00,42086.87,SHORT,42473.00,22,42086.87,43127.00,false,40.00,376.64,-14804.64,-1.58,954317.90
2025-03-25,43126.95,44300.00,42600.05,42925.60,42773.58,SHORT,43126.95,22,42773.58,42773.58,true,40.00,377.96,7356.18,0.78,961674.08
2025-03-26,42930.00,43307.80,42123.40,42261.15,43355.99,LONG,42930.00,22,43355.99,42261.15,false,40.00,374.84,-15129.54,-1.60,946544.53
2025-03-27,42215.05,44282.00,41000.00,43891.45,42671.22,LONG,42215.05,22,42671.22,42671.22,true,40.00,373.50,9622.24,1.04,956166.77
2025-03-28,43500.00,43500.00,42450.00,42693.75,42944.98,SHORT,43500.00,21,42944.98,42944.98,true,40.00,363.07,11252.35,1.23,967419.13
2025-04-01,42693.75,42999.95,41926.65,42006.10,42846.68,LONG,42693.75,22,42846.68,42846.68,true,40.00,376.38,2948.08,0.31,970367.21
2025-04-02,42399.90,43197.45,41938.60,42991.60,42297.53,SHORT,42399.90,22,42297.53,42297.53,true,40.00,372.67,1839.47,0.20,972206.68
2025-04-03,42250.00,43638.80,42250.00,43489.15,42584.73,LONG,42250.00,23,42584.73,42584.73,true,40.00,390.24,7268.55,0.75,979475.23
2025-04-04,43180.00,43350.00,42027.85,42309.80,43378.96,LONG,43180.00,22,43378.96,42309.80,false,40.00,376.16,-19560.56,-2.06,959914.67
2025-04-07,41509.80,42244.40,40572.20,41304.45,42439.71,LONG,41509.80,23,42439.71,41304.45,false,40.00,380.95,-5144.00,-0.54,954770.68
2025-04-08,41500.00,42655.45,41462.55,41750.40,41092.18,SHORT,41500.00,23,41092.18,41750.40,false,40.00,382.95,-6182.15,-0.65,948588.53
2025-04-09,41744.50,42895.00,41266.20,42739.45,41864.55,LONG,41744.50,22,41864.55,41864.55,true,40.00,367.88,2233.22,0.24,950821.75
2025-04-11,42744.95,44750.00,42011.15,44481.40,42210.14,SHORT,42744.95,22,42210.14,42210.14,true,40.00,373.80,11352.02,1.21,962173.76
2025-04-15,44650.00,45475.00,44550.00,45210.00,43557.04,SHORT,44650.00,21,43557.04,45210.00,false,40.00,377.41,-12177.41,-1.30,949996.35
2025-04-16,45210.00,45225.00,44430.00,44930.00,45068.07,SHORT,45210.00,21,45068.07,45068.07,true,40.00,379.17,2561.36,0.27,952557.72
2025-04-17,44925.00,45080.00,44470.00,44855.00,44816.72,SHORT,44925.00,21,44816.72,44816.72,true,40.00,376.92,1856.96,0.20,954414.68
2025-04-21,44995.00,45945.00,44870.00,45470.00,44871.81,SHORT,44995.00,21,44871.81,44871.81,true,40.00,377.44,2169.55,0.23,956584.23
2025-04-22,45470.00,45880.00,45195.00,45330.00,45536.71,LONG,45470.00,21,45536.71,45536.71,true,40.00,382.23,978.68,0.10,957562.91
2025-04-23,45375.00,46360.00,45305.00,45935.00,45440.96,LONG,45375.00,21,45440.96,45440.96,true,40.00,381.43,963.73,0.10,958526.64
2025-04-24,45970.00,45970.00,44905.00,45015.00,45892.93,SHORT,45970.00,20,45892.93,45892.93,true,40.00,367.45,1133.95,0.12,959660.59
2025-04-25,45020.00,45480.00,43900.00,44605.00,45174.15,LONG,45020.00,21,45174.15,45174.15,true,40.00,378.82,2818.33,0.30,962478.93
2025-04-28,44525.00,45360.00,44460.00,45185.00,44625.27,LONG,44525.00,21,44625.27,44625.27,true,40.00,374.43,1691.24,0.18,964170.17
2025-04-29,45185.00,45445.00,44630.00,45000.00,44773.15,SHORT,45185.00,21,44773.15,44773.15,true,40.00,377.82,8231.03,0.87,972401.19
2025-04-30,44900.00,45875.00,44800.00,45615.00,44962.32,LONG,44900.00,21,44962.32,44962.32,true,40.00,377.42,891.30,0.09,973292.49
2025-05-02,45610.00,45610.00,45055.00,45225.00,45555.50,SHORT,45610.00,21,45555.50,45555.50,true,40.00,382.90,721.60,0.08,974014.09
2025-05-05,45225.00,46175.00,45225.00,45905.00,45286.07,LONG,45225.00,21,45286.07,45286.07,true,40.00,380.15,862.32,0.09,974876.42
2025-05-06,45800.00,46020.00,45500.00,45705.00,45925.96,LONG,45800.00,21,45925.96,45925.96,true,40.00,385.25,2219.91,0.23,977096.33
2025-05-07,45025.00,47130.00,45025.00,46350.00,45712.37,LONG,45025.00,21,45712.37,45712.37,true,40.00,381.10,14013.67,1.48,991110.00
2025-05-08,46365.00,46470.00,44770.00,45160.00,46324.17,SHORT,46365.00,21,46324.17,46324.17,true,40.00,389.29,428.14,0.04,991538.14
2025-05-09,44885.00,45655.00,44535.00,45470.00,45751.57,LONG,44885.00,22,45751.57,45470.00,false,40.00,397.56,12432.44,1.26,1003970.58
2025-05-12,45820.00,47150.00,45820.00,47050.00,45215.41,SHORT,45820.00,21,45215.41,47050.00,false,40.00,390.05,-26260.05,-2.73,977710.52
2025-05-13,46700.00,47200.00,46370.00,46480.00,46808.71,LONG,46700.00,20,46808.71,46808.71,true,40.00,374.03,1760.17,0.19,979470.69
2025-05-14,46550.00,46740.00,45870.00,46420.00,46619.22,LONG,46550.00,21,46619.22,46619.22,true,40.00,391.31,1022.31,0.10,980493.00
2025-05-15,46420.00,47365.00,46020.00,46940.00,46312.74,SHORT,46420.00,21,46312.74,46312.74,true,40.00,389.48,1822.98,0.19,982315.98
2025-05-16,47500.00,48455.00,46585.00,47830.00,46720.93,SHORT,47500.00,20,46720.93,46720.93,true,40.00,376.88,15164.52,1.60,997480.49
2025-05-19,47850.00,48800.00,47850.00,48090.00,47588.45,SHORT,47850.00,20,47588.45,48090.00,false,40.00,383.76,-5223.76,-0.55,992256.73
2025-05-20,48735.00,48735.00,47270.00,47365.00,48354.71,SHORT,48735.00,20,48354.71,48354.71,true,40.00,388.36,7177.44,0.74,999434.18
2025-05-21,47290.00,48135.00,47050.00,47620.00,47768.37,LONG,47290.00,21,47768.37,47768.37,true,40.00,399.25,9606.52,0.97,1009040.70
2025-05-22,47620.00,48120.00,47260.00,47865.00,47651.79,LONG,47620.00,21,47651.79,47651.79,true,40.00,400.14,227.45,0.02,1009268.15
2025-05-23,47955.00,47985.00,47330.00,47495.00,47771.76,SHORT,47955.00,21,47771.76,47771.76,true,40.00,402.05,3405.99,0.34,1012674.14
2025-05-26,47730.00,47760.00,47125.00,47230.00,47708.68,SHORT,47730.00,21,47708.68,47708.68,true,40.00,400.84,6.88,0.00,1012681.01
2025-05-27,47480.00,47520.00,46540.00,46785.00,47373.52,SHORT,47480.00,21,47373.52,47373.52,true,40.00,398.38,1797.70,0.18,1014478.71
2025-05-28,46920.00,46985.00,46000.00,46095.00,46927.50,LONG,46920.00,21,46927.50,46927.50,true,40.00,394.16,-276.66,-0.03,1014202.05
2025-05-29,46200.00,46650.00,45705.00,46345.00,46275.67,LONG,46200.00,21,46275.67,46275.67,true,40.00,388.40,1160.67,0.12,1015362.72
2025-05-30,46345.00,46895.00,46065.00,46380.00,46066.11,SHORT,46345.00,21,46066.11,46066.11,true,40.00,388.13,5428.56,0.56,1020791.29
2025-06-02,46600.00,46600.00,45600.00,45915.00,46415.97,SHORT,46600.00,21,46415.97,46415.97,true,40.00,390.67,3433.96,0.35,1024225.25
2025-06-03,46380.00,46380.00,45580.00,45930.00,45898.34,SHORT,46380.00,22,45898.34,45898.34,true,40.00,406.02,10150.50,0.99,1034375.74
2025-06-04,46000.00,46495.00,45625.00,46345.00,45973.00,SHORT,46000.00,22,45973.00,45973.00,true,40.00,404.68,149.32,0.01,1034525.06
2025-06-05,46300.00,46805.00,45650.00,45835.00,46065.92,SHORT,46300.00,22,46065.92,46065.92,true,40.00,406.41,4703.35,0.46,1039228.41
2025-06-06,46240.00,46395.00,45685.00,46100.00,46185.33,SHORT,46240.00,22,46185.33,46185.33,true,40.00,406.67,756.07,0.07,1039984.48
2025-06-09,46450.00,46550.00,45880.00,46325.00,46039.59,SHORT,46450.00,22,46039.59,46039.59,true,40.00,406.95,8582.07,0.84,1048566.55
2025-06-10,46450.00,47385.00,46240.00,46670.00,46188.05,SHORT,46450.00,22,46188.05,46670.00,false,40.00,409.73,-5289.73,-0.52,1043276.82
2025-06-11,46800.00,47485.00,46615.00,46710.00,46864.39,LONG,46800.00,22,46864.39,46864.39,true,40.00,412.12,964.46,0.09,1044241.28
2025-06-12,46940.00,46940.00,46110.00,46235.00,46960.72,LONG,46940.00,22,46960.72,46235.00,false,40.00,409.97,-15959.97,-1.55,1028281.31
2025-06-13,46000.00,46335.00,45505.00,46165.00,46533.63,LONG,46000.00,22,46533.63,46165.00,false,40.00,405.53,3184.47,0.31,1031465.78
2025-06-16,46275.00,46405.00,45510.00,45630.00,45938.55,SHORT,46275.00,22,45938.55,45938.55,true,40.00,405.74,6956.16,0.68,1038421.94
2025-06-17,45900.00,46145.00,45605.00,45830.00,45737.43,SHORT,45900.00,22,45737.43,45737.43,true,40.00,403.20,3133.34,0.31,1041555.28
2025-06-18,45990.00,45990.00,44780.00,45185.00,45855.20,SHORT,45990.00,22,45855.20,45855.20,true,40.00,404.12,2521.48,0.25,1044076.76
2025-06-19,45320.00,45425.00,44755.00,44875.00,45187.08,SHORT,45320.00,23,45187.08,45187.08,true,40.00,416.33,2600.83,0.25,1046677.58
2025-06-20,44800.00,45285.00,44200.00,44925.00,45066.00,LONG,44800.00,23,45066.00,45066.00,true,40.00,413.38,5664.62,0.55,1052342.20
2025-06-23,44900.00,45590.00,44640.00,45430.00,44756.34,SHORT,44900.00,23,44756.34,44756.34,true,40.00,412.42,2851.76,0.28,1055193.96
2025-06-24,46330.00,47385.00,45800.00,46270.00,45224.64,SHORT,46330.00,22,45224.64,46270.00,false,40.00,407.44,872.56,0.09,1056066.52
2025-06-25,46090.00,49085.00,46090.00,48285.00,46488.11,LONG,46090.00,22,46488.11,46488.11,true,40.00,407.34,8311.08,0.82,1064377.60
2025-06-26,48105.00,48980.00,47830.00,48700.00,47743.50,SHORT,48105.00,22,47743.50,48700.00,false,40.00,425.94,-13555.94,-1.28,1050821.66
2025-06-27,48510.00,50590.00,47690.00,49440.00,48570.46,LONG,48510.00,21,48570.46,48570.46,true,40.00,407.74,821.92,0.08,1051643.58
2025-06-30,48800.00,49490.00,48430.00,49410.00,49145.24,LONG,48800.00,21,49145.24,49145.24,true,40.00,411.37,6798.67,0.66,1058442.25
2025-07-01,49200.00,49700.00,48000.00,48195.00,49061.40,SHORT,49200.00,21,49061.40,49061.40,true,40.00,412.70,2457.90,0.24,1060900.15
2025-07-02,47235.00,47925.00,47130.00,47500.00,48661.33,LONG,47235.00,22,48661.33,47500.00,false,40.00,416.83,5373.17,0.52,1066273.32
2025-07-03,47790.00,48490.00,47700.00,48145.00,47491.47,SHORT,47790.00,22,47491.47,48145.00,false,40.00,422.11,-8272.11,-0.79,1058001.20
2025-07-04,48345.00,49125.00,48010.00,48710.00,48139.57,SHORT,48345.00,21,48139.57,48139.57,true,40.00,405.24,3868.79,0.38,1061870.00
2025-07-07,48800.00,49080.00,48440.00,48910.00,48647.53,SHORT,48800.00,21,48647.53,48647.53,true,40.00,409.28,2752.59,0.27,1064622.59
2025-07-08,48975.00,49195.00,48330.00,48965.00,48780.30,SHORT,48975.00,21,48780.30,48780.30,true,40.00,410.57,3638.13,0.35,1068260.71
2025-07-09,49100.00,49165.00,48340.00,48590.00,48801.33,SHORT,49100.00,21,48801.33,48801.33,true,40.00,411.19,5820.88,0.56,1074081.60
2025-07-10,48890.00,48985.00,48000.00,48245.00,48597.39,SHORT,48890.00,21,48597.39,48597.39,true,40.00,409.45,5695.36,0.55,1079776.96
2025-07-11,48365.00,48570.00,47650.00,47930.00,48498.45,LONG,48365.00,22,48498.45,48498.45,true,40.00,426.20,2469.70,0.23,1082246.66
2025-07-14,47880.00,48925.00,47880.00,48765.00,48126.14,LONG,47880.00,22,48126.14,48126.14,true,40.00,422.43,4952.65,0.47,1087199.32
2025-07-15,48770.00,49300.00,48460.00,49020.00,48566.38,SHORT,48770.00,22,48566.38,48566.38,true,40.00,428.28,4011.36,0.37,1091210.68
2025-07-16,49100.00,49380.00,47090.00,47145.00,48990.98,SHORT,49100.00,22,48990.98,48990.98,true,40.00,431.60,1926.84,0.18,1093137.52
2025-07-17,47300.00,47490.00,46980.00,47285.00,47687.28,LONG,47300.00,23,47687.28,47285.00,false,40.00,435.09,-820.09,-0.08,1092317.42
2025-07-18,47490.00,47490.00,46390.00,46740.00,47230.65,SHORT,47490.00,23,47230.65,47230.65,true,40.00,435.71,5489.34,0.50,1097806.76
2025-07-21,46905.00,46990.00,46425.00,46730.00,46938.86,LONG,46905.00,23,46938.86,46938.86,true,40.00,431.68,307.10,0.03,1098113.86
2025-07-22,46730.00,46825.00,46220.00,46295.00,46678.42,SHORT,46730.00,23,46678.42,46678.42,true,40.00,429.68,716.66,0.07,1098830.52
2025-07-23,46500.00,47790.00,46130.00,47410.00,46469.16,SHORT,46500.00,23,46469.16,46469.16,true,40.00,427.66,241.66,0.02,1099072.18
2025-07-24,47200.00,47295.00,46600.00,47115.00,47057.59,SHORT,47200.00,23,47057.59,47057.59,true,40.00,433.58,2801.85,0.26,1101874.03
2025-07-25,47000.00,47300.00,46135.00,46270.00,46962.30,SHORT,47000.00,23,46962.30,46962.30,true,40.00,432.23,394.87,0.04,1102268.90
2025-07-28,46260.00,46935.00,46205.00,46510.00,46609.19,LONG,46260.00,23,46609.19,46609.19,true,40.00,427.20,7564.17,0.71,1109833.07
2025-07-29,46350.00,47400.00,46220.00,47215.00,46563.07,LONG,46350.00,23,46563.07,46563.07,true,40.00,427.40,4433.21,0.42,1114266.28
2025-07-30,47220.00,48715.00,46985.00,48315.00,47055.72,SHORT,47220.00,23,47055.72,47055.72,true,40.00,433.67,3304.77,0.30,1117571.05
2025-07-31,48085.00,49090.00,47555.00,48805.00,48191.39,LONG,48085.00,23,48191.39,48191.39,true,40.00,442.87,1964.10,0.18,1119535.15
2025-08-01,48135.00,48135.00,46500.00,46810.00,48618.98,LONG,48135.00,23,48618.98,46810.00,false,40.00,436.75,-30951.75,-2.80,1088583.40
2025-08-04,47140.00,47180.00,46180.00,46265.00,47267.06,LONG,47140.00,23,47267.06,46265.00,false,40.00,429.66,-20594.66,-1.90,1067988.74
2025-08-05,46265.00,46360.00,45385.00,45730.00,46576.34,LONG,46265.00,23,46576.34,45730.00,false,40.00,423.18,-12768.18,-1.20,1055220.56
2025-08-06,45940.00,46440.00,45695.00,46300.00,45753.82,SHORT,45940.00,22,45753.82,45753.82,true,40.00,403.45,3652.51,0.36,1058873.07
2025-08-07,45525.00,46720.00,45290.00,45760.00,46108.29,LONG,45525.00,23,46108.29,46108.29,true,40.00,421.51,12954.16,1.24,1071827.23
2025-08-08,45495.00,45495.00,43820.00,44865.00,45913.42,LONG,45495.00,23,45913.42,44865.00,false,40.00,415.66,-14945.66,-1.43,1056881.57
2025-08-11,44800.00,45300.00,43650.00,45025.00,44615.40,SHORT,44800.00,23,44615.40,44615.40,true,40.00,411.31,3794.49,0.37,1060676.06
2025-08-12,44960.00,45330.00,43890.00,44080.00,44623.80,SHORT,44960.00,23,44623.80,44623.80,true,40.00,412.09,7280.51,0.70,1067956.58
2025-08-13,44010.00,44280.00,43405.00,43525.00,44460.63,LONG,44010.00,24,44460.63,43525.00,false,40.00,420.17,-12100.17,-1.15,1055856.41
2025-08-14,43670.00,43845.00,43365.00,43515.00,43639.30,SHORT,43670.00,24,43639.30,43639.30,true,40.00,419.08,277.72,0.03,1056134.12
2025-08-18,43985.00,44920.00,43980.00,44690.00,43566.31,SHORT,43985.00,24,43566.31,44690.00,false,40.00,425.64,-17385.64,-1.65,1038748.48
2025-08-19,44800.00,45890.00,44525.00,45640.00,44581.26,SHORT,44800.00,23,44581.26,44581.26,true,40.00,411.15,4579.87,0.44,1043328.35
2025-08-20,45630.00,45870.00,45130.00,45385.00,45191.69,SHORT,45630.00,22,45191.69,45191.69,true,40.00,399.62,9203.20,0.92,1052531.55
2025-08-21,45600.00,46710.00,45475.00,45890.00,45423.38,SHORT,45600.00,23,45423.38,45890.00,false,40.00,420.85,-7130.85,-0.68,1045400.70
2025-08-22,45715.00,46125.00,45380.00,45655.00,46121.87,LONG,45715.00,22,46121.87,46121.87,true,40.00,404.08,8507.06,0.85,1053907.76
2025-08-25,45485.00,47310.00,45485.00,46850.00,45732.29,LONG,45485.00,23,45732.29,45732.29,true,40.00,419.60,5228.07,0.50,1059135.83
2025-08-26,46580.00,46890.00,45220.00,45505.00,46739.56,LONG,46580.00,22,46739.56,46739.56,true,40.00,410.61,3059.71,0.30,1062195.54
2025-08-28,45330.00,45330.00,43845.00,44150.00,46069.57,LONG,45330.00,23,46069.57,44150.00,false,40.00,411.61,-27591.61,-2.65,1034603.93
2025-08-29,44275.00,44575.00,43650.00,44335.00,44255.86,SHORT,44275.00,23,44255.86,44255.86,true,40.00,407.24,-7.02,-0.00,1034596.91
2025-09-01,44350.00,44890.00,44135.00,44820.00,44214.53,SHORT,44350.00,23,44214.53,44214.53,true,40.00,407.40,2668.41,0.26,1037265.33
2025-09-02,45000.00,45340.00,44450.00,45160.00,44669.91,SHORT,45000.00,23,44669.91,44669.91,true,40.00,412.48,7139.59,0.69,1044404.91
2025-09-03,45000.00,45695.00,44995.00,45325.00,44806.44,SHORT,45000.00,23,44806.44,45325.00,false,40.00,415.50,-7930.49,-0.77,1036474.42
2025-09-04,45510.00,45760.00,44575.00,44665.00,45411.73,SHORT,45510.00,22,45411.73,45411.73,true,40.00,400.06,1721.88,0.17,1038196.30
2025-09-05,44900.00,44990.00,44155.00,44285.00,44989.88,LONG,44900.00,23,44989.88,44989.88,true,40.00,413.49,1613.75,0.16,1039810.05
2025-09-08,44470.00,44610.00,44010.00,44280.00,44457.59,SHORT,44470.00,23,44457.59,44457.59,true,40.00,409.07,-163.64,-0.02,1039646.41
2025-09-09,44300.00,44500.00,43935.00,44310.00,44348.20,LONG,44300.00,23,44348.20,44348.20,true,40.00,407.78,660.82,0.06,1040307.23
2025-09-10,44450.00,44610.00,44200.00,44425.00,44205.64,SHORT,44450.00,23,44205.64,44205.64,true,40.00,407.82,5172.46,0.51,1045479.70
2025-09-11,44425.00,44610.00,44020.00,44265.00,44379.52,SHORT,44425.00,23,44379.52,44379.52,true,40.00,408.50,597.54,0.06,1046077.23
2025-09-12,44500.00,44500.00,43980.00,44130.00,44230.90,SHORT,44500.00,23,44230.90,44230.90,true,40.00,408.16,5741.14,0.56,1051818.37
2025-09-15,44295.00,44590.00,44045.00,44340.00,44198.63,SHORT,44295.00,23,44198.63,44198.63,true,40.00,407.07,1769.44,0.17,1053587.81
2025-09-16,44490.00,45465.00,44365.00,45335.00,44274.20,SHORT,44490.00,23,44274.20,45335.00,false,40.00,413.19,-19888.19,-1.94,1033699.62
2025-09-17,45215.00,45890.00,45215.00,45355.00,45142.45,SHORT,45215.00,22,45142.45,45355.00,false,40.00,398.51,-3518.51,-0.35,1030181.11
2025-09-18,45650.00,45650.00,44095.00,44265.00,45504.33,SHORT,45650.00,22,45504.33,45504.33,true,40.00,401.08,2763.66,0.28,1032944.77
2025-09-19,44300.00,44485.00,43490.00,43570.00,44355.95,LONG,44300.00,23,44355.95,44355.95,true,40.00,407.82,839.03,0.08,1033783.80
2025-09-22,43550.00,43825.00,43300.00,43405.00,43718.50,LONG,43550.00,23,43718.50,43718.50,true,40.00,401.44,3434.06,0.34,1037217.87
2025-09-23,43595.00,43595.00,42600.00,42780.00,43484.85,SHORT,43595.00,23,43484.85,43484.85,true,40.00,400.57,2092.88,0.21,1039310.75
2025-09-24,42780.00,42995.00,42305.00,42405.00,42803.85,LONG,42780.00,24,42803.85,42803.85,true,40.00,410.80,121.60,0.01,1039432.35
2025-09-25,42375.00,42950.00,42330.00,42625.00,42537.77,LONG,42375.00,24,42537.77,42537.77,true,40.00,407.58,3458.90,0.34,1042891.25
2025-09-26,42500.00,42500.00,41015.00,41240.00,42711.73,LONG,42500.00,24,42711.73,41240.00,false,40.00,401.95,-30681.95,-3.01,1012209.29
2025-09-29,41240.00,41820.00,40730.00,41085.00,41586.90,LONG,41240.00,24,41586.90,41586.90,true,40.00,397.57,7888.03,0.80,1020097.32
2025-09-30,41465.00,41500.00,40575.00,40685.00,41037.48,SHORT,41465.00,24,41037.48,41037.48,true,40.00,396.01,9824.47,0.99,1029921.79
2025-10-01,40985.00,42245.00,40940.00,42110.00,40802.08,SHORT,40985.00,25,40802.08,42110.00,false,40.00,415.48,-28580.47,-2.79,1001341.32
2025-10-03,42110.00,43135.00,41645.00,42875.00,41836.92,SHORT,42110.00,23,41836.92,41836.92,true,40.00,386.16,5854.68,0.60,1007196.00
2025-10-06,42805.00,42810.00,42120.00,42195.00,42190.94,SHORT,42805.00,23,42190.94,42190.94,true,40.00,390.98,13692.40,1.39,1020888.40
2025-10-07,42110.00,42385.00,41620.00,41695.00,42419.48,LONG,42110.00,24,42419.48,41695.00,false,40.00,402.26,-10402.26,-1.03,1010486.14
2025-10-08,41690.00,42015.00,41265.00,41700.00,42065.68,LONG,41690.00,24,42065.68,41700.00,false,40.00,400.27,-200.27,-0.02,1010285.86
2025-10-09,42000.00,42085.00,41365.00,41740.00,41782.25,SHORT,42000.00,24,41782.25,41782.25,true,40.00,402.15,4783.85,0.47,1015069.71
2025-10-10,42040.00,42140.00,41350.00,41640.00,41708.77,SHORT,42040.00,24,41708.77,41708.77,true,40.00,401.99,7507.53,0.74,1022577.24
2025-10-13,41325.00,41535.00,40610.00,41010.00,41673.82,LONG,41325.00,24,41673.82,41010.00,false,40.00,395.21,-7995.21,-0.81,1014582.03
2025-10-14,41350.00,41460.00,40370.00,40470.00,41028.75,SHORT,41350.00,24,41028.75,41028.75,true,40.00,395.42,7274.58,0.73,1021856.61
2025-10-15,40780.00,40780.00,40250.00,40535.00,40671.80,SHORT,40780.00,25,40671.80,40671.80,true,40.00,407.26,2257.74,0.22,1024114.35
2025-10-16,40750.00,41290.00,40540.00,41020.00,40499.04,SHORT,40750.00,25,40499.04,41020.00,false,40.00,408.85,-7198.85,-0.71,1016915.50
2025-10-17,41270.00,41270.00,40780.00,41040.00,40967.55,SHORT,41270.00,24,40967.55,40967.55,true,40.00,394.74,6824.06,0.69,1023739.56
2025-10-20,41450.00,41900.00,40905.00,41720.00,41001.65,SHORT,41450.00,24,41001.65,41001.65,true,40.00,395.77,10324.63,1.04,1034064.19
2025-10-21,42080.00,42100.00,41330.00,41585.00,41580.26,SHORT,42080.00,24,41580.26,41580.26,true,40.00,401.57,11552.19,1.14,1045616.38
2025-10-23,41905.00,41995.00,41365.00,41460.00,41718.28,SHORT,41905.00,24,41718.28,41718.28,true,40.00,401.39,4039.89,0.40,1049656.27
2025-10-24,41665.00,41665.00,40800.00,41025.00,41698.39,LONG,41665.00,25,41698.39,41025.00,false,40.00,413.45,-16453.45,-1.58,1033202.82
2025-10-27,41090.00,41235.00,40815.00,40985.00,41158.78,LONG,41090.00,25,41158.78,41158.78,true,40.00,411.24,1268.26,0.12,1034471.08
2025-10-28,41195.00,41195.00,40510.00,40915.00,41072.56,SHORT,41195.00,25,41072.56,41072.56,true,40.00,411.34,2609.66,0.25,1037080.74
2025-10-29,41150.00,41415.00,40875.00,41360.00,40783.98,SHORT,41150.00,25,40783.98,41360.00,false,40.00,412.55,-5702.55,-0.55,1031378.19
2025-10-30,41360.00,41495.00,40615.00,40945.00,41165.22,SHORT,41360.00,24,41165.22,41165.22,true,40.00,396.12,4238.60,0.43,1035616.79
2025-10-31,41120.00,41500.00,40845.00,41200.00,40865.17,SHORT,41120.00,25,40865.17,40865.17,true,40.00,409.93,5920.82,0.58,1041537.61
2025-11-03,41300.00,41300.00,40500.00,40760.00,41166.15,SHORT,41300.00,25,41166.15,41166.15,true,40.00,412.33,2893.92,0.28,1044431.53
2025-11-04,40870.00,40870.00,40000.00,40135.00,40760.53,SHORT,40870.00,25,40760.53,40760.53,true,40.00,408.15,2288.60,0.22,1046720.13
2025-11-06,40285.00,40295.00,39675.00,39760.00,40253.06,SHORT,40285.00,25,40253.06,40253.06,true,40.00,402.69,355.81,0.04,1047075.94
2025-11-07,39800.00,39900.00,39330.00,39740.00,39855.34,LONG,39800.00,26,39855.34,39855.34,true,40.00,414.21,984.63,0.10,1048060.57
2025-11-10,39750.00,40340.00,39530.00,40200.00,39645.48,SHORT,39750.00,26,39645.48,39645.48,true,40.00,412.86,2264.66,0.22,1050325.24
2025-11-11,40100.00,40345.00,39775.00,40220.00,40089.59,SHORT,40100.00,26,40089.59,40089.59,true,40.00,416.99,-186.33,-0.02,1050138.91
2025-11-12,40220.00,40865.00,40220.00,40720.00,40059.57,SHORT,40220.00,26,40059.57,40720.00,false,40.00,420.89,-13460.89,-1.29,1036678.02
2025-11-13,40970.00,41245.00,39215.00,39585.00,40586.73,SHORT,40970.00,25,40586.73,40586.73,true,40.00,407.78,9133.97,0.89,1045811.99
2025-11-14,39500.00,39985.00,38765.00,39765.00,40453.01,LONG,39500.00,26,40453.01,39765.00,false,40.00,412.18,6437.82,0.63,1052249.81
2025-11-17,39995.00,40370.00,39375.00,39470.00,39619.14,SHORT,39995.00,26,39619.14,39619.14,true,40.00,413.99,9318.37,0.90,1061568.18
2025-11-18,39700.00,39700.00,38740.00,39255.00,39795.27,LONG,39700.00,26,39795.27,39255.00,false,40.00,410.57,-12020.57,-1.16,1049547.61
2025-11-19,39155.00,39240.00,38755.00,38810.00,39136.62,SHORT,39155.00,26,39136.62,39136.62,true,40.00,407.12,30.76,0.00,1049578.37
2025-11-20,39170.00,39170.00,38500.00,38565.00,38867.36,SHORT,39170.00,26,38867.36,38867.36,true,40.00,405.79,7422.85,0.73,1057001.22
2025-11-21,38705.00,38980.00,38160.00,38885.00,38712.62,LONG,38705.00,27,38712.62,38712.62,true,40.00,418.06,-252.32,-0.02,1056748.90
2025-11-24,39000.00,39150.00,38500.00,38860.00,38754.22,SHORT,39000.00,27,38754.22,38754.22,true,40.00,419.87,6176.19,0.59,1062925.09
2025-11-25,39025.00,39025.00,38455.00,38535.00,38883.38,SHORT,39025.00,27,38883.38,38883.38,true,40.00,420.71,3363.03,0.32,1066288.13
2025-11-26,38585.00,39055.00,38310.00,39000.00,38581.41,SHORT,38585.00,27,38581.41,38581.41,true,40.00,416.70,-359.77,-0.03,1065928.36
2025-11-27,39200.00,39270.00,38750.00,38930.00,38875.63,SHORT,39200.00,27,38875.63,38875.63,true,40.00,421.61,8296.38,0.78,1074224.74
2025-11-28,39080.00,39080.00,38100.00,38320.00,38920.41,SHORT,39080.00,27,38920.41,38920.41,true,40.00,421.20,3847.73,0.36,1078072.47
2025-12-01,38320.00,38350.00,37205.00,37405.00,38391.93,LONG,38320.00,28,38391.93,37405.00,false,40.00,424.06,-26084.06,-2.43,1051988.41
2025-12-02,37340.00,37650.00,37110.00,37605.00,37590.11,LONG,37340.00,28,37590.11,37590.11,true,40.00,419.61,6543.47,0.63,1058531.88
2025-12-03,37640.00,37665.00,36785.00,37240.00,37376.95,SHORT,37640.00,28,37376.95,37376.95,true,40.00,420.09,6905.31,0.66,1065437.18
2025-12-04,37320.00,37750.00,37165.00,37505.00,37213.89,SHORT,37320.00,28,37213.89,37213.89,true,40.00,417.39,2513.69,0.24,1067950.87
2025-12-05,37650.00,37650.00,37240.00,37455.00,37514.37,SHORT,37650.00,28,37514.37,37514.37,true,40.00,420.92,3336.72,0.32,1071287.59
2025-12-08,37460.00,37610.00,36900.00,37235.00,37420.32,SHORT,37460.00,28,37420.32,37420.32,true,40.00,419.33,651.71,0.06,1071939.30
2025-12-09,37230.00,37390.00,36705.00,37195.00,37191.77,SHORT,37230.00,28,37191.77,37191.77,true,40.00,416.76,613.68,0.06,1072552.98
2025-12-10,37380.00,37440.00,36610.00,36695.00,37107.65,SHORT,37380.00,28,37107.65,37107.65,true,40.00,417.13,7168.67,0.68,1079721.65
2025-12-11,36860.00,37170.00,36575.00,37065.00,36884.59,LONG,36860.00,29,36884.59,36884.59,true,40.00,427.72,245.39,0.02,1079967.04
2025-12-12,37065.00,37220.00,36755.00,36930.00,36970.89,SHORT,37065.00,29,36970.89,36970.89,true,40.00,429.41,2259.78,0.21,1082226.82
2025-12-15,36800.00,36925.00,36600.00,36740.00,36932.69,LONG,36800.00,29,36932.69,36740.00,false,40.00,426.53,-2206.53,-0.21,1080020.29
2025-12-16,36895.00,36895.00,36200.00,36355.00,36735.58,SHORT,36895.00,29,36735.58,36735.58,true,40.00,427.06,4156.12,0.39,1084176.41
2025-12-17,36495.00,36495.00,35980.00,36055.00,36456.03,SHORT,36495.00,29,36456.03,36456.03,true,40.00,423.12,667.01,0.06,1084843.43
2025-12-18,36000.00,36095.00,35560.00,35695.00,36181.42,LONG,36000.00,30,36181.42,35695.00,false,40.00,430.17,-9620.17,-0.89,1075223.26
2025-12-19,35705.00,35960.00,35310.00,35745.00,35790.15,LONG,35705.00,30,35790.15,35790.15,true,40.00,428.97,2085.53,0.19,1077308.79
2025-12-22,36150.00,36805.00,35970.00,36735.00,35667.47,SHORT,36150.00,29,35667.47,36735.00,false,40.00,422.73,-17427.73,-1.66,1059881.05
2025-12-23,36900.00,36900.00,36305.00,36700.00,36587.45,SHORT,36900.00,28,36587.45,36587.45,true,40.00,411.53,8299.87,0.80,1068180.93
2025-12-24,36700.00,36745.00,36415.00,36605.00,36605.92,SHORT,36700.00,29,36605.92,36605.92,true,40.00,425.17,2263.15,0.21,1070444.07
2025-12-26,36605.00,36750.00,36325.00,36470.00,36618.23,LONG,36605.00,29,36618.23,36618.23,true,40.00,424.69,-81.02,-0.01,1070363.05
2025-12-29,36470.00,36550.00,36065.00,36305.00,36455.53,SHORT,36470.00,29,36455.53,36455.53,true,40.00,422.97,-43.34,-0.00,1070319.71
2025-12-30,36475.00,36475.00,35405.00,35565.00,36286.87,SHORT,36475.00,29,36286.87,36286.87,true,40.00,422.02,4993.75,0.47,1075313.46
2025-12-31,35835.00,36100.00,35635.00,36045.00,35628.32,SHORT,35835.00,30,35628.32,36045.00,false,40.00,431.28,-6771.28,-0.63,1068542.18
2026-01-01,36285.00,36285.00,35500.00,35645.00,35940.32,SHORT,36285.00,29,35940.32,35940.32,true,40.00,418.91,9536.81,0.91,1078078.99
2026-01-02,35695.00,36045.00,35490.00,35775.00,35608.47,SHORT,35695.00,30,35608.47,35608.47,true,40.00,427.82,2128.08,0.20,1080207.07
2026-01-05,35900.00,35905.00,35190.00,35550.00,35763.74,SHORT,35900.00,30,35763.74,35763.74,true,40.00,429.98,3617.82,0.34,1083824.89
2026-01-06,35685.00,35685.00,34990.00,35360.00,35581.03,SHORT,35685.00,30,35581.03,35581.03,true,40.00,427.60,2651.50,0.25,1086476.39
2026-01-07,35540.00,35590.00,35185.00,35380.00,35296.47,SHORT,35540.00,30,35296.47,35296.47,true,40.00,425.02,6840.88,0.64,1093317.27
2026-01-08,35495.00,35535.00,34585.00,34765.00,35389.95,SHORT,35495.00,30,35389.95,35389.95,true,40.00,425.31,2686.19,0.25,1096003.46
2026-01-09,34830.00,34915.00,34200.00,34280.00,34976.53,LONG,34830.00,31,34976.53,34280.00,false,40.00,428.48,-17518.48,-1.62,1078484.98
2026-01-12,34395.00,34635.00,34055.00,34365.00,34500.77,LONG,34395.00,31,34500.77,34500.77,true,40.00,427.15,2811.72,0.26,1081296.70
2026-01-13,34625.00,34750.00,34215.00,34645.00,34330.78,SHORT,34625.00,31,34330.78,34330.78,true,40.00,427.53,8653.29,0.81,1089949.99
2026-01-14,34595.00,34595.00,34095.00,34320.00,34525.06,SHORT,34595.00,31,34525.06,34525.06,true,40.00,428.54,1699.60,0.16,1091649.59
2026-01-16,34325.00,34650.00,34200.00,34365.00,34346.19,LONG,34325.00,31,34346.19,34346.19,true,40.00,425.76,191.13,0.02,1091840.72
2026-01-19,34335.00,34565.00,34040.00,34285.00,34436.70,LONG,34335.00,31,34436.70,34436.70,true,40.00,426.38,2686.32,0.25,1094527.03
2026-01-20,34285.00,34290.00,31740.00,32970.00,34257.71,SHORT,34285.00,31,34257.71,34257.71,true,40.00,424.96,381.03,0.04,1094908.06
2026-01-21,32970.00,33720.00,32625.00,33110.00,33520.72,LONG,32970.00,33,33520.72,33520.72,true,40.00,438.84,17694.92,1.63,1112602.98
2026-01-22,33305.00,33460.00,32610.00,32875.00,33093.20,SHORT,33305.00,33,33093.20,33093.20,true,40.00,438.23,6511.17,0.59,1119114.15
2026-01-23,33000.00,33000.00,32480.00,32880.00,32885.83,SHORT,33000.00,33,32885.83,32885.83,true,40.00,434.85,3292.76,0.30,1122406.91
2026-01-27,33000.00,33005.00,32135.00,32520.00,32740.41,SHORT,33000.00,34,32740.41,32740.41,true,40.00,447.03,8339.03,0.74,1130745.94
2026-01-28,32500.00,32750.00,32230.00,32615.00,32424.17,SHORT,32500.00,34,32424.17,32424.17,true,40.00,441.48,2096.74,0.19,1132842.68
2026-01-29,32610.00,33120.00,32225.00,33015.00,32442.54,SHORT,32610.00,34,32442.54,32442.54,true,40.00,442.36,5211.28,0.47,1138053.96
2026-01-30,32995.00,33255.00,32725.00,32995.00,32668.07,SHORT,32995.00,34,32668.07,32995.00,false,40.00,448.73,-488.73,-0.04,1137565.23
2026-02-01,33110.00,33265.00,32385.00,32745.00,32989.06,SHORT,33110.00,34,32989.06,32989.06,true,40.00,449.47,3622.49,0.32,1141187.71
2026-02-02,32840.00,33000.00,32400.00,32765.00,32856.07,LONG,32840.00,34,32856.07,32856.07,true,40.00,446.73,59.65,0.01,1141247.36
2026-02-03,34195.00,34525.00,33345.00,33740.00,32729.69,SHORT,34195.00,33,32729.69,33740.00,false,40.00,448.37,14526.63,1.29,1155773.99
2026-02-04,34000.00,34620.00,33300.00,34425.00,33667.23,SHORT,34000.00,33,33667.23,33667.23,true,40.00,446.60,10494.81,0.94,1166268.79
2026-02-05,34450.00,36295.00,33910.00,35640.00,33991.87,SHORT,34450.00,33,33991.87,33991.87,true,40.00,451.72,14626.57,1.29,1180895.37
2026-02-06,34450.00,35670.00,34205.00,35560.00,35233.35,LONG,34450.00,34,35233.35,35233.35,true,40.00,473.85,26120.05,2.23,1207015.42
2026-02-09,35680.00,35730.00,34425.00,34855.00,35097.04,SHORT,35680.00,33,35097.04,35097.04,true,40.00,467.13,18730.55,1.59,1225745.97
2026-02-10,35025.00,35060.00,34475.00,34600.00,34882.44,SHORT,35025.00,34,34882.44,34882.44,true,40.00,475.37,4331.67,0.36,1230077.64
2026-02-11,34600.00,34660.00,34035.00,34360.00,34657.98,LONG,34600.00,35,34657.98,34657.98,true,40.00,484.81,1504.49,0.12,1231582.14
2026-02-12,34425.00,34425.00,33670.00,33850.00,34264.43,SHORT,34425.00,35,34264.43,34264.43,true,40.00,480.83,5099.12,0.42,1236681.26
2026-02-13,33545.00,34065.00,33300.00,33530.00,33865.96,LONG,33545.00,36,33865.96,33865.96,true,40.00,485.36,11029.20,0.91,1247710.46
2026-02-16,33550.00,33695.00,33230.00,33425.00,33639.29,LONG,33550.00,37,33639.29,33639.29,true,40.00,497.20,2766.53,0.22,1250476.99
2026-02-17,33345.00,33810.00,33230.00,33685.00,33457.69,LONG,33345.00,37,33457.69,33457.69,true,40.00,494.34,3635.19,0.29,1254112.18
2026-02-18,33880.00,33950.00,33250.00,33440.00,33600.74,SHORT,33880.00,37,33600.74,33600.74,true,40.00,499.36,9793.26,0.78,1263905.44
2026-02-19,33600.00,33600.00,32490.00,32595.00,33442.54,SHORT,33600.00,37,33442.54,33442.54,true,40.00,496.11,5289.91,0.43,1269195.35
2026-02-20,32695.00,33135.00,32465.00,32740.00,33070.85,LONG,32695.00,38,33070.85,33070.85,true,40.00,499.82,13742.48,1.11,1282937.83
2026-02-23,32800.00,33280.00,32740.00,33070.00,32776.14,SHORT,32800.00,39,32776.14,32776.14,true,40.00,511.49,379.05,0.03,1283316.87
2026-02-24,33150.00,33400.00,32725.00,33160.00,33084.42,SHORT,33150.00,38,33084.42,33084.42,true,40.00,503.38,1948.66,0.15,1285265.53
2026-02-25,33285.00,33555.00,32635.00,32725.00,33041.75,SHORT,33285.00,38,33041.75,33041.75,true,40.00,504.08,8699.42,0.69,1293964.95
2026-02-26,32725.00,32795.00,32180.00,32255.00,32945.62,LONG,32725.00,39,32945.62,32255.00,false,40.00,506.84,-18876.84,-1.48,1275088.11
2026-02-27,32255.00,32410.00,31740.00,32110.00,32344.92,LONG,32255.00,39,32344.92,32344.92,true,40.00,503.88,2963.00,0.24,1278051.11
2026-03-02,31000.00,31780.00,30830.00,31175.00,32077.36,LONG,31000.00,41,32077.36,31175.00,false,40.00,509.84,6625.16,0.52,1284676.27
2026-03-04,30835.00,31130.00,30600.00,30980.00,31173.24,LONG,30835.00,41,31173.24,30980.00,false,40.00,506.88,5398.12,0.43,1290074.39
2026-03-05,30950.00,31795.00,30940.00,31525.00,30913.03,SHORT,30950.00,41,30913.03,31525.00,false,40.00,512.30,-24127.29,-1.90,1265947.09
2026-03-06,31365.00,31825.00,31230.00,31595.00,31420.92,LONG,31365.00,40,31420.92,31420.92,true,40.00,502.29,1694.51,0.14,1267641.61
2026-03-09,30940.00,31350.00,30820.00,31145.00,31556.30,LONG,30940.00,40,31556.30,31145.00,false,40.00,496.68,7663.32,0.62,1275304.93
2026-03-10,31270.00,31745.00,30955.00,31535.00,31114.13,SHORT,31270.00,40,31114.13,31114.13,true,40.00,499.07,5695.73,0.46,1281000.65
2026-03-11,31545.00,32040.00,31330.00,31595.00,31321.14,SHORT,31545.00,40,31321.14,31595.00,false,40.00,505.12,-2545.12,-0.20,1278455.53
2026-03-12,31550.00,31555.00,30730.00,30860.00,31700.90,LONG,31550.00,40,31700.90,30860.00,false,40.00,499.28,-28139.28,-2.23,1250316.25
2026-03-13,30845.00,30845.00,30010.00,30285.00,30934.52,LONG,30845.00,40,30934.52,30285.00,false,40.00,489.04,-22929.04,-1.86,1227387.21
2026-03-16,30280.00,30350.00,29805.00,30200.00,30331.48,LONG,30280.00,40,30331.48,30331.48,true,40.00,484.89,1534.31,0.13,1228921.52
2026-03-17,30200.00,30675.00,30200.00,30515.00,30050.55,SHORT,30200.00,40,30050.55,30515.00,false,40.00,485.72,-13125.72,-1.09,1215795.80
2026-03-18,30600.00,31840.00,30480.00,31720.00,30494.57,SHORT,30600.00,39,30494.57,30494.57,true,40.00,476.54,3595.23,0.30,1219391.03
2026-03-19,31555.00,31555.00,31050.00,31225.00,31455.48,SHORT,31555.00,38,31455.48,31455.48,true,40.00,478.88,3262.88,0.27,1222653.91
2026-03-20,31495.00,32500.00,31320.00,32005.00,31259.50,SHORT,31495.00,38,31259.50,32005.00,false,40.00,482.60,-19902.60,-1.66,1202751.31
2026-03-23,31845.00,31850.00,31130.00,31345.00,32104.27,LONG,31845.00,37,32104.27,31345.00,false,40.00,467.61,-19007.61,-1.61,1183743.71
2026-03-24,32000.00,32335.00,31330.00,32170.00,31462.85,SHORT,32000.00,36,31462.85,31462.85,true,40.00,456.93,18840.47,1.64,1202584.17
2026-03-25,32350.00,33450.00,32180.00,32635.00,31912.49,SHORT,32350.00,37,31912.49,32635.00,false,40.00,480.89,-11065.89,-0.92,1191518.29
2026-03-27,32400.00,32425.00,31595.00,31805.00,32922.26,LONG,32400.00,36,32922.26,31805.00,false,40.00,462.28,-21922.28,-1.88,1169596.01
2026-03-30,31505.00,32310.00,31260.00,31775.00,32021.19,LONG,31505.00,37,32021.19,32021.19,true,40.00,470.09,18588.94,1.59,1188184.95
2026-04-01,32305.00,32820.00,32000.00,32620.00,31724.81,SHORT,32305.00,36,31724.81,32620.00,false,40.00,467.46,-11847.46,-1.02,1176337.49
2026-04-02,32580.00,34080.00,32225.00,33945.00,32482.79,SHORT,32580.00,36,32482.79,32482.79,true,40.00,468.45,2991.11,0.26,1179328.59
2026-04-06,33945.00,34880.00,33745.00,34750.00,33500.02,SHORT,33945.00,34,33500.02,34750.00,false,40.00,467.13,-27877.13,-2.42,1151451.47
2026-04-07,34500.00,35310.00,34305.00,35040.00,34481.13,SHORT,34500.00,33,34481.13,34481.13,true,40.00,455.28,127.43,0.01,1151578.90
2026-04-08,35750.00,35830.00,35200.00,35325.00,34875.71,SHORT,35750.00,32,34875.71,35325.00,false,40.00,454.88,13105.12,1.15,1164684.02
2026-04-09,35405.00,36180.00,35070.00,35950.00,35465.70,LONG,35405.00,32,35465.70,35465.70,true,40.00,453.57,1448.83,0.13,1166132.85
2026-04-10,35640.00,36480.00,35500.00,36055.00,35892.98,LONG,35640.00,32,35892.98,35892.98,true,40.00,457.81,7597.55,0.67,1173730.40
2026-04-13,35700.00,36400.00,35505.00,35850.00,36144.11,LONG,35700.00,32,36144.11,36144.11,true,40.00,459.80,13711.72,1.20,1187442.12
2026-04-15,36100.00,36985.00,36070.00,36530.00,36053.00,SHORT,36100.00,32,36053.00,36530.00,false,40.00,464.83,-14264.83,-1.23,1173177.28
2026-04-16,36800.00,37095.00,36435.00,36980.00,36390.11,SHORT,36800.00,31,36390.11,36980.00,false,40.00,457.44,-6077.44,-0.53,1167099.85
2026-04-17,37085.00,38275.00,37080.00,37975.00,36712.11,SHORT,37085.00,31,36712.11,37975.00,false,40.00,465.37,-28095.37,-2.44,1139004.48
2026-04-20,37900.00,38500.00,37320.00,38405.00,37993.54,LONG,37900.00,30,37993.54,37993.54,true,40.00,455.36,2310.84,0.20,1141315.32
2026-04-21,38405.00,38500.00,37910.00,37960.00,38152.10,SHORT,38405.00,29,38152.10,38152.10,true,40.00,444.03,6850.07,0.62,1148165.38
2026-04-22,38015.00,38150.00,37750.00,37855.00,38132.46,LONG,38015.00,30,38132.46,38132.46,true,40.00,456.88,3026.92,0.27,1151192.30
2026-04-23,37830.00,38285.00,37270.00,37965.00,37895.52,LONG,37830.00,30,37895.52,37895.52,true,40.00,454.35,1471.25,0.13,1152663.55
2026-04-24,37900.00,38250.00,37565.00,37665.00,37717.59,SHORT,37900.00,30,37717.59,37717.59,true,40.00,453.71,4978.59,0.44,1157642.14
2026-04-27,37765.00,38190.00,37325.00,37705.00,37846.21,LONG,37765.00,30,37846.21,37846.21,true,40.00,453.67,1942.63,0.17,1159584.77
2026-04-28,37800.00,37800.00,37205.00,37505.00,37741.95,SHORT,37800.00,30,37741.95,37741.95,true,40.00,453.25,1248.25,0.11,1160833.02
2026-04-29,37725.00,37725.00,36700.00,36845.00,37499.89,SHORT,37725.00,30,37499.89,37499.89,true,40.00,451.35,6261.95,0.55,1167094.97
2026-04-30,36975.00,37190.00,36230.00,36785.00,37098.49,LONG,36975.00,31,37098.49,37098.49,true,40.00,459.26,3328.93,0.29,1170423.91
2026-05-04,36915.00,37270.00,36735.00,36955.00,36685.05,SHORT,36915.00,31,36685.05,36955.00,false,40.00,457.99,-1737.99,-0.15,1168685.91
2026-05-05,37070.00,37500.00,36770.00,37400.00,37038.29,SHORT,37070.00,31,37038.29,37038.29,true,40.00,459.47,483.54,0.04,1169169.45
2026-05-06,37295.00,37740.00,37160.00,37540.00,37126.36,SHORT,37295.00,31,37126.36,37540.00,false,40.00,463.98,-8098.98,-0.70,1161070.47
2026-05-07,37405.00,37700.00,37120.00,37345.00,37473.93,LONG,37405.00,31,37473.93,37473.93,true,40.00,464.25,1632.58,0.14,1162703.05
2026-05-08,37200.00,37500.00,36840.00,37365.00,37352.68,LONG,37200.00,31,37352.68,37352.68,true,40.00,462.23,4230.85,0.37,1166933.91
2026-05-11,37220.00,37305.00,36120.00,36245.00,37121.14,SHORT,37220.00,31,37121.14,37121.14,true,40.00,460.92,2563.74,0.22,1169497.65
2026-05-12,36390.00,36390.00,34950.00,35085.00,36597.69,LONG,36390.00,32,36597.69,35085.00,false,40.00,457.44,-42257.44,-3.63,1127240.21
2026-05-13,35115.00,35830.00,34720.00,35330.00,35468.79,LONG,35115.00,32,35468.79,35468.79,true,40.00,451.74,10829.54,0.96,1138069.76
2026-05-14,35395.00,36535.00,35345.00,36125.00,35343.37,SHORT,35395.00,32,35343.37,36125.00,false,40.00,457.73,-23857.73,-2.11,1114212.03
2026-05-15,36125.00,36900.00,36065.00,36820.00,36129.39,LONG,36125.00,30,36129.39,36129.39,true,40.00,433.53,-341.83,-0.03,1113870.20
2026-05-18,36640.00,37590.00,36210.00,37505.00,36649.73,LONG,36640.00,30,36649.73,36649.73,true,40.00,439.74,-187.84,-0.02,1113682.36
2026-05-19,37580.00,38850.00,37390.00,38700.00,37133.22,SHORT,37580.00,29,37133.22,38700.00,false,40.00,442.42,-32962.42,-3.02,1080719.94
2026-05-20,38620.00,38700.00,38020.00,38285.00,38532.10,SHORT,38620.00,27,38532.10,38532.10,true,40.00,416.62,1916.68,0.18,1082636.62
2026-05-21,38450.00,39600.00,37625.00,38380.00,38337.31,SHORT,38450.00,28,38337.31,38337.31,true,40.00,430.01,2685.31,0.25,1085321.93
2026-05-22,39420.00,40490.00,38320.00,39455.00,38632.77,SHORT,39420.00,27,38632.77,38632.77,true,40.00,421.48,20793.73,1.95,1106115.65
2026-05-25,39495.00,40140.00,38450.00,38545.00,39272.03,SHORT,39495.00,28,39272.03,39272.03,true,40.00,441.10,5762.06,0.52,1111877.72
2026-05-26,38600.00,38695.00,38095.00,38305.00,39087.24,LONG,38600.00,28,39087.24,38305.00,false,40.00,430.67,-8730.67,-0.81,1103147.05
2026-05-27,38190.00,38410.00,37930.00,38145.00,38324.79,LONG,38190.00,28,38324.79,38324.79,true,40.00,428.48,3305.64,0.31,1106452.69
2026-05-29,38010.00,38680.00,37630.00,38195.00,38180.41,LONG,38010.00,29,38180.41,38180.41,true,40.00,441.90,4459.99,0.40,1110912.67
2026-06-01,38100.00,38800.00,37040.00,37225.00,38187.00,LONG,38100.00,29,38187.00,38187.00,true,40.00,442.46,2040.54,0.18,1112953.21
2026-06-02,37025.00,37465.00,36585.00,37365.00,37509.52,LONG,37025.00,30,37509.52,37365.00,false,40.00,446.34,9713.66,0.87,1122666.87
2026-06-03,37220.00,37820.00,37140.00,37565.00,37103.54,SHORT,37220.00,30,37103.54,37565.00,false,40.00,448.71,-10838.71,-0.97,1111828.16
2026-06-04,37310.00,38945.00,37255.00,38835.00,37556.81,LONG,37310.00,29,37556.81,37556.81,true,40.00,434.23,6683.26,0.62,1118511.42
2026-06-05,38945.00,39090.00,38180.00,38345.00,38391.16,SHORT,38945.00,28,38391.16,38391.16,true,40.00,433.08,15034.44,1.38,1133545.86
2026-06-08,38290.00,38700.00,37750.00,38550.00,38516.13,LONG,38290.00,29,38516.13,38516.13,true,40.00,445.48,6072.29,0.55,1139618.15
2026-06-09,38415.00,39000.00,38325.00,38905.00,38497.82,LONG,38415.00,29,38497.82,38497.82,true,40.00,446.09,1915.69,0.17,1141533.84
2026-06-10,38760.00,39370.00,37890.00,37955.00,38806.83,LONG,38760.00,29,38806.83,38806.83,true,40.00,449.89,868.18,0.08,1142402.02
2026-06-11,37890.00,38420.00,37545.00,37740.00,38511.54,LONG,37890.00,30,38511.54,37740.00,false,40.00,453.78,-4993.78,-0.44,1137408.24
2026-06-12,37955.00,38850.00,37955.00,38625.00,37916.89,SHORT,37955.00,29,37916.89,38625.00,false,40.00,444.16,-19914.16,-1.81,1117494.08
2026-06-15,39000.00,39735.00,38875.00,39195.00,38501.35,SHORT,39000.00,28,38501.35,39195.00,false,40.00,437.89,-5937.89,-0.54,1111556.19
2026-06-16,39200.00,39530.00,38900.00,39065.00,39442.51,LONG,39200.00,28,39442.51,39442.51,true,40.00,440.40,6309.88,0.57,1117866.07
2026-06-17,39065.00,39480.00,39000.00,39300.00,39172.29,LONG,39065.00,28,39172.29,39172.29,true,40.00,438.13,2525.99,0.23,1120392.06
2026-06-18,39490.00,40350.00,39225.00,40180.00,39259.67,SHORT,39490.00,28,39259.67,39259.67,true,40.00,441.00,5968.24,0.54,1126360.30
2026-06-19,40000.00,40480.00,39545.00,39975.00,40032.53,LONG,40000.00,28,40032.53,40032.53,true,40.00,448.18,422.66,0.04,1126782.96
2026-06-22,39995.00,40440.00,39200.00,39320.00,40007.09,LONG,39995.00,28,40007.09,40007.09,true,40.00,448.01,-149.49,-0.01,1126633.47
2026-06-23,39660.00,40250.00,39440.00,39975.00,39663.24,LONG,39660.00,28,39663.24,39663.24,true,40.00,444.21,-393.49,-0.04,1126239.98
2026-06-24,39975.00,41045.00,39450.00,40885.00,39858.50,SHORT,39975.00,28,39858.50,39858.50,true,40.00,447.07,2774.93,0.25,1129014.91
2026-06-25,40700.00,41905.00,40440.00,40950.00,40418.79,SHORT,40700.00,27,40418.79,40950.00,false,40.00,440.91,-7230.91,-0.66,1121784.00
2026-06-29,41000.00,41600.00,40225.00,40405.00,41147.59,LONG,41000.00,27,41147.59,41147.59,true,40.00,443.60,3501.33,0.32,1125285.33
2026-06-30,40780.00,41740.00,40400.00,41370.00,40674.79,SHORT,40780.00,27,40674.79,40674.79,true,40.00,439.86,2360.81,0.21,1127646.15
2026-07-01,42225.00,43855.00,42225.00,43610.00,41067.66,SHORT,42225.00,26,41067.66,43610.00,false,40.00,446.34,-36496.34,-3.32,1091149.80
2026-07-02,43500.00,43645.00,42760.00,42885.00,43171.73,SHORT,43500.00,25,43171.73,43171.73,true,40.00,433.36,7733.39,0.71,1098883.20
2026-07-03,42900.00,43300.00,42580.00,42800.00,42993.32,LONG,42900.00,25,42993.32,42993.32,true,40.00,429.47,1863.53,0.17,1100746.73
2026-07-06,42650.00,42810.00,42250.00,42510.00,42879.98,LONG,42650.00,25,42879.98,42510.00,false,40.00,425.80,-3965.80,-0.37,1096780.93
2026-07-07,42290.00,42690.00,41595.00,41780.00,42513.36,LONG,42290.00,25,42513.36,42513.36,true,40.00,424.02,5119.98,0.48,1101900.91
2026-07-08,41765.00,42785.00,41245.00,41415.00,42046.20,LONG,41765.00,26,42046.20,42046.20,true,40.00,435.82,6835.38,0.63,1108736.29
2026-07-09,41640.00,41680.00,39510.00,40615.00,41984.21,LONG,41640.00,26,41984.21,40615.00,false,40.00,427.73,-27117.73,-2.50,1081618.57
2026-07-10,40605.00,40915.00,39250.00,39395.00,40412.71,SHORT,40605.00,26,40412.71,40412.71,true,40.00,421.29,4538.25,0.43,1086156.82
2026-07-13,39400.00,40360.00,39300.00,39955.00,39861.01,LONG,39400.00,27,39861.01,39861.01,true,40.00,428.01,11979.26,1.13,1098136.08
2026-07-14,40000.00,40630.00,39675.00,40530.00,39953.13,SHORT,40000.00,27,39953.13,39953.13,true,40.00,431.75,793.74,0.07,1098929.82
2026-07-15,40600.00,40980.00,40105.00,40395.00,40311.39,SHORT,40600.00,27,40311.39,40311.39,true,40.00,436.92,7315.55,0.67,1106245.37
2026-07-16,40650.00,40925.00,40195.00,40460.00,40425.96,SHORT,40650.00,27,40425.96,40425.96,true,40.00,437.81,5571.27,0.51,1111816.64
2026-07-17,40395.00,40435.00,39650.00,39900.00,40473.03,LONG,40395.00,27,40473.03,39900.00,false,40.00,433.59,-13838.59,-1.27,1097978.05
2026-07-20,40080.00,40380.00,39700.00,40325.00,39903.43,SHORT,40080.00,27,39903.43,39903.43,true,40.00,431.91,4295.48,0.40,1102273.52
2026-07-21,40220.00,40325.00,39485.00,40095.00,40208.56,SHORT,40220.00,27,40208.56,40208.56,true,40.00,434.31,-165.43,-0.02,1102108.09
2026-07-22,40015.00,40160.00,39615.00,39820.00,39932.38,SHORT,40015.00,27,39932.38,39932.38,true,40.00,431.72,1759.02,0.16,1103867.11
2026-07-23,39790.00,40460.00,39620.00,40270.00,39834.60,LONG,39790.00,27,39834.60,39834.60,true,40.00,429.97,734.23,0.07,1104601.34
2026-07-24,40105.00,40480.00,39780.00,40275.00,40096.19,SHORT,40105.00,27,40096.19,40096.19,true,40.00,433.09,-235.22,-0.02,1104366.13
2026-07-27,40300.00,40565.00,39790.00,39970.00,40250.72,SHORT,40300.00,27,40250.72,40250.72,true,40.00,434.97,855.59,0.08,1105221.71
2026-07-28,40140.00,40465.00,39750.00,40370.00,40068.98,SHORT,40140.00,27,40068.98,40068.98,true,40.00,433.13,1444.41,0.13,1106666.12
2026-07-29,40565.00,40565.00,39800.00,40270.00,40129.26,SHORT,40565.00,27,40129.26,40129.26,true,40.00,435.75,11289.23,1.03,1117955.35
2026-07-30,40055.00,41590.00,40055.00,41085.00,40182.15,LONG,40055.00,27,40182.15,40182.15,true,40.00,433.28,2959.77,0.27,1120915.12
2026-07-31,41000.00,41160.00,39890.00,40375.00,41099.48,LONG,41000.00,27,41099.48,41099.48,true,40.00,443.34,2202.62,0.20,1123117.75
2026-08-03,40500.00,40665.00,40125.00,40200.00,40425.45,SHORT,40500.00,27,40425.45,40425.45,true,40.00,437.00,1535.85,0.14,1124653.60
2026-08-04,40200.00,40265.00,39750.00,39750.00,40314.55,LONG,40200.00,27,40314.55,39750.00,false,40.00,431.73,-12621.73,-1.16,1112031.87
2026-08-05,40240.00,40355.00,39820.00,40355.00,40015.59,SHORT,40240.00,27,40015.59,40015.59,true,40.00,433.38,5585.69,0.51,1117617.56
2026-08-06,40175.00,40200.00,39765.00,40050.00,40001.73,SHORT,40175.00,27,40001.73,40001.73,true,40.00,432.95,4205.34,0.39,1121822.89
2026-08-07,39890.00,40240.00,39735.00,39900.00,39921.17,LONG,39890.00,28,39921.17,39921.17,true,40.00,446.94,385.82,0.03,1122208.71
2026-08-10,40270.00,40270.00,38365.00,38660.00,40022.28,SHORT,40270.00,27,40022.28,40022.28,true,40.00,433.58,6214.86,0.57,1128423.57
2026-08-11,38550.00,38795.00,38020.00,38440.00,39038.96,LONG,38550.00,29,39038.96,38440.00,false,40.00,446.54,-3676.54,-0.33,1124747.03
2026-08-12,38440.00,38610.00,37695.00,38295.00,38456.01,LONG,38440.00,29,38456.01,38456.01,true,40.00,446.00,-21.71,-0.00,1124725.32
2026-08-13,37980.00,38155.00,36410.00,36520.00,38168.70,LONG,37980.00,29,38168.70,36520.00,false,40.00,432.10,-42812.10,-3.89,1081913.22
2026-08-14,37750.00,38290.00,36620.00,36750.00,37276.11,SHORT,37750.00,28,37276.11,37276.11,true,40.00,420.15,12808.77,1.21,1094722.00
2026-08-17,36730.00,37690.00,36505.00,37360.00,37327.04,LONG,36730.00,29,37327.04,37327.04,true,40.00,429.53,16844.63,1.58,1111566.63
2026-08-18,37370.00,37495.00,36425.00,36425.00,37335.02,SHORT,37370.00,29,37335.02,37335.02,true,40.00,433.29,541.13,0.05,1112107.76
2026-08-19,36440.00,36460.00,35240.00,35240.00,36776.20,LONG,36440.00,30,36776.20,35240.00,false,40.00,430.08,-36470.08,-3.34,1075637.68
2026-08-20,35660.00,35845.00,35150.00,35505.00,35615.22,SHORT,35660.00,30,35615.22,35615.22,true,40.00,427.65,875.75,0.08,1076513.43
2026-08-21,35600.00,35750.00,35210.00,35480.00,35522.63,SHORT,35600.00,30,35522.63,35522.63,true,40.00,426.74,1854.36,0.17,1078367.79
2026-08-24,35580.00,35700.00,35425.00,35560.00,35521.82,SHORT,35580.00,30,35521.82,35521.82,true,40.00,426.61,1278.79,0.12,1079646.58
2026-08-25,35475.00,35565.00,35110.00,35500.00,35552.39,LONG,35475.00,30,35552.39,35552.39,true,40.00,426.16,1855.54,0.17,1081502.12
2026-08-26,35700.00,35720.00,35100.00,35155.00,35392.52,SHORT,35700.00,30,35392.52,35392.52,true,40.00,426.56,8757.84,0.82,1090259.96
2026-08-27,35160.00,36215.00,35160.00,35800.00,35366.05,LONG,35160.00,31,35366.05,35366.05,true,40.00,437.26,5910.29,0.54,1096170.25
2026-08-28,35800.00,35985.00,35510.00,35985.00,35867.21,LONG,35800.00,30,35867.21,35867.21,true,40.00,430.00,1546.30,0.14,1097716.55
2026-08-31,35850.00,35945.00,35405.00,35800.00,35739.19,SHORT,35850.00,30,35739.19,35739.19,true,40.00,429.54,2854.76,0.27,1100571.31
